{
    "key": "group_6344461ecf02e",
    "title": "⭕ Templates",
    "fields": [
        {
            "key": "field_64c518ce43a42",
            "label": "New Page - Section A",
            "name": "new_page_-_section_a",
            "aria-label": "",
            "type": "group",
            "instructions": "<img src='\/wp-content\/uploads\/prosek-assets\/acf-images\/content-section.jpg' style='width:100%' \/>",
            "required": 0,
            "conditional_logic": 0,
            "wrapper": {
                "width": "",
                "class": "",
                "id": ""
            },
            "layout": "row",
            "sub_fields": [
                {
                    "key": "field_64c518ce43a47",
                    "label": "Enable",
                    "name": "enable",
                    "aria-label": "",
                    "type": "clone",
                    "instructions": "",
                    "required": 0,
                    "conditional_logic": 0,
                    "wrapper": {
                        "width": "",
                        "class": "",
                        "id": ""
                    },
                    "clone": [
                        "field_634448f9c876c"
                    ],
                    "display": "seamless",
                    "layout": "block",
                    "prefix_label": 0,
                    "prefix_name": 0
                },
                {
                    "key": "field_64c518ce43a48",
                    "label": "Settings",
                    "name": "settings",
                    "aria-label": "",
                    "type": "clone",
                    "instructions": "",
                    "required": 0,
                    "conditional_logic": 0,
                    "wrapper": {
                        "width": "",
                        "class": "",
                        "id": ""
                    },
                    "clone": [
                        "field_6346db9b61643"
                    ],
                    "display": "seamless",
                    "layout": "block",
                    "prefix_label": 0,
                    "prefix_name": 0
                },
                {
                    "key": "field_64c518ce43a49",
                    "label": "Heading With Text Area",
                    "name": "heading_with_text_area",
                    "aria-label": "",
                    "type": "textarea",
                    "instructions": "",
                    "required": 0,
                    "conditional_logic": 0,
                    "wrapper": {
                        "width": "",
                        "class": "",
                        "id": ""
                    },
                    "default_value": "",
                    "maxlength": "",
                    "rows": "",
                    "placeholder": "",
                    "new_lines": ""
                },
                {
                    "key": "field_64c518ce43a4a",
                    "label": "Basic Text Input",
                    "name": "basic_text_input",
                    "aria-label": "",
                    "type": "text",
                    "instructions": "",
                    "required": 0,
                    "conditional_logic": 0,
                    "wrapper": {
                        "width": "",
                        "class": "",
                        "id": ""
                    },
                    "default_value": "",
                    "maxlength": "",
                    "placeholder": "",
                    "prepend": "",
                    "append": ""
                },
                {
                    "key": "field_64c518ce43a4b",
                    "label": "Text With Rich Editor",
                    "name": "text_with_rich_editor",
                    "aria-label": "",
                    "type": "wysiwyg",
                    "instructions": "",
                    "required": 0,
                    "conditional_logic": 0,
                    "wrapper": {
                        "width": "",
                        "class": "",
                        "id": ""
                    },
                    "default_value": "",
                    "tabs": "visual",
                    "toolbar": "basic",
                    "media_upload": 0,
                    "delay": 0
                },
                {
                    "key": "field_64c518ce43a4c",
                    "label": "Image With Positioning + Scaling",
                    "name": "image_with_positioning",
                    "aria-label": "",
                    "type": "clone",
                    "instructions": "",
                    "required": 0,
                    "conditional_logic": 0,
                    "wrapper": {
                        "width": "",
                        "class": "",
                        "id": ""
                    },
                    "clone": [
                        "field_646a02ce6d040"
                    ],
                    "display": "seamless",
                    "layout": "block",
                    "prefix_label": 1,
                    "prefix_name": 1
                },
                {
                    "key": "field_64de645fc69e2",
                    "label": "Repeater",
                    "name": "repeater",
                    "aria-label": "",
                    "type": "repeater",
                    "instructions": "",
                    "required": 0,
                    "conditional_logic": 0,
                    "wrapper": {
                        "width": "",
                        "class": "",
                        "id": ""
                    },
                    "layout": "row",
                    "pagination": 0,
                    "min": 0,
                    "max": 0,
                    "collapsed": "",
                    "button_label": "Add Row",
                    "rows_per_page": 20,
                    "sub_fields": [
                        {
                            "key": "field_64de646ac69e3",
                            "label": "Heading",
                            "name": "heading",
                            "aria-label": "",
                            "type": "text",
                            "instructions": "",
                            "required": 0,
                            "conditional_logic": 0,
                            "wrapper": {
                                "width": "",
                                "class": "",
                                "id": ""
                            },
                            "default_value": "",
                            "maxlength": "",
                            "placeholder": "",
                            "prepend": "",
                            "append": "",
                            "parent_repeater": "field_64de645fc69e2"
                        }
                    ]
                },
                {
                    "key": "field_64c6a4e389e90",
                    "label": "Message",
                    "name": "",
                    "aria-label": "",
                    "type": "message",
                    "instructions": "",
                    "required": 0,
                    "conditional_logic": 0,
                    "wrapper": {
                        "width": "",
                        "class": "",
                        "id": ""
                    },
                    "message": "<a href='\/wp-admin\/edit.php?post_type=our-people' target='_blank'>Click here<\/a> to manage this section.",
                    "new_lines": "wpautop",
                    "esc_html": 0
                }
            ]
        },
        {
            "key": "field_64de64a309d9c",
            "label": "New Page - Section A (copy)",
            "name": "new_page_-_section_a_copy",
            "aria-label": "",
            "type": "group",
            "instructions": "<img src='\/wp-content\/uploads\/prosek-assets\/acf-images\/content-section.jpg' style='width:100%' \/>",
            "required": 0,
            "conditional_logic": 0,
            "wrapper": {
                "width": "",
                "class": "",
                "id": ""
            },
            "layout": "row",
            "sub_fields": [
                {
                    "key": "field_64de64a309da0",
                    "label": "Enable",
                    "name": "enable",
                    "aria-label": "",
                    "type": "clone",
                    "instructions": "",
                    "required": 0,
                    "conditional_logic": 0,
                    "wrapper": {
                        "width": "",
                        "class": "",
                        "id": ""
                    },
                    "clone": [
                        "field_634448f9c876c"
                    ],
                    "display": "seamless",
                    "layout": "block",
                    "prefix_label": 0,
                    "prefix_name": 0
                },
                {
                    "key": "field_64de64a409da1",
                    "label": "Settings",
                    "name": "settings",
                    "aria-label": "",
                    "type": "clone",
                    "instructions": "",
                    "required": 0,
                    "conditional_logic": 0,
                    "wrapper": {
                        "width": "",
                        "class": "",
                        "id": ""
                    },
                    "clone": [
                        "field_6346db9b61643"
                    ],
                    "display": "seamless",
                    "layout": "block",
                    "prefix_label": 0,
                    "prefix_name": 0
                },
                {
                    "key": "field_64de64a409da2",
                    "label": "Heading With Text Area",
                    "name": "heading_with_text_area",
                    "aria-label": "",
                    "type": "textarea",
                    "instructions": "",
                    "required": 0,
                    "conditional_logic": 0,
                    "wrapper": {
                        "width": "",
                        "class": "",
                        "id": ""
                    },
                    "default_value": "",
                    "maxlength": "",
                    "rows": "",
                    "placeholder": "",
                    "new_lines": ""
                },
                {
                    "key": "field_64de64a409da3",
                    "label": "Basic Text Input",
                    "name": "basic_text_input",
                    "aria-label": "",
                    "type": "text",
                    "instructions": "",
                    "required": 0,
                    "conditional_logic": 0,
                    "wrapper": {
                        "width": "",
                        "class": "",
                        "id": ""
                    },
                    "default_value": "",
                    "maxlength": "",
                    "placeholder": "",
                    "prepend": "",
                    "append": ""
                },
                {
                    "key": "field_64de64a409da4",
                    "label": "Text With Rich Editor",
                    "name": "text_with_rich_editor",
                    "aria-label": "",
                    "type": "wysiwyg",
                    "instructions": "",
                    "required": 0,
                    "conditional_logic": 0,
                    "wrapper": {
                        "width": "",
                        "class": "",
                        "id": ""
                    },
                    "default_value": "",
                    "tabs": "visual",
                    "toolbar": "basic",
                    "media_upload": 0,
                    "delay": 0
                },
                {
                    "key": "field_64de64a409da5",
                    "label": "Image With Positioning + Scaling",
                    "name": "image_with_positioning",
                    "aria-label": "",
                    "type": "clone",
                    "instructions": "",
                    "required": 0,
                    "conditional_logic": 0,
                    "wrapper": {
                        "width": "",
                        "class": "",
                        "id": ""
                    },
                    "clone": [
                        "field_646a02ce6d040"
                    ],
                    "display": "seamless",
                    "layout": "block",
                    "prefix_label": 1,
                    "prefix_name": 1
                },
                {
                    "key": "field_64de64a409da6",
                    "label": "Repeater",
                    "name": "repeater",
                    "aria-label": "",
                    "type": "repeater",
                    "instructions": "",
                    "required": 0,
                    "conditional_logic": 0,
                    "wrapper": {
                        "width": "",
                        "class": "",
                        "id": ""
                    },
                    "layout": "row",
                    "pagination": 0,
                    "min": 0,
                    "max": 0,
                    "collapsed": "",
                    "button_label": "Add Row",
                    "rows_per_page": 20,
                    "sub_fields": [
                        {
                            "key": "field_64de64a409da7",
                            "label": "Heading",
                            "name": "heading",
                            "aria-label": "",
                            "type": "text",
                            "instructions": "",
                            "required": 0,
                            "conditional_logic": 0,
                            "wrapper": {
                                "width": "",
                                "class": "",
                                "id": ""
                            },
                            "default_value": "",
                            "maxlength": "",
                            "placeholder": "",
                            "prepend": "",
                            "append": "",
                            "parent_repeater": "field_64de64a409da6"
                        }
                    ]
                },
                {
                    "key": "field_64de64a409da8",
                    "label": "Message",
                    "name": "",
                    "aria-label": "",
                    "type": "message",
                    "instructions": "",
                    "required": 0,
                    "conditional_logic": 0,
                    "wrapper": {
                        "width": "",
                        "class": "",
                        "id": ""
                    },
                    "message": "<a href='\/wp-admin\/edit.php?post_type=our-people' target='_blank'>Click here<\/a> to manage this section.",
                    "new_lines": "wpautop",
                    "esc_html": 0
                }
            ]
        },
        {
            "key": "field_634448f9c876c",
            "label": "Enable",
            "name": "enable",
            "aria-label": "",
            "type": "true_false",
            "instructions": "",
            "required": 0,
            "conditional_logic": 0,
            "wrapper": {
                "width": "",
                "class": "prosek-section-enable",
                "id": ""
            },
            "message": "Enable this section to edit the settings.",
            "default_value": 1,
            "ui_on_text": "",
            "ui_off_text": "",
            "ui": 1
        },
        {
            "key": "field_6346db9b61643",
            "label": "Settings",
            "name": "",
            "aria-label": "",
            "type": "accordion",
            "instructions": "Click here to show or hide the settings.",
            "required": 0,
            "conditional_logic": 0,
            "wrapper": {
                "width": "",
                "class": "",
                "id": ""
            },
            "open": 0,
            "multi_expand": 1,
            "endpoint": 0
        },
        {
            "key": "field_653a6d2c4aa1b",
            "label": "Message",
            "name": "",
            "aria-label": "",
            "type": "message",
            "instructions": "",
            "required": 0,
            "conditional_logic": 0,
            "wrapper": {
                "width": "",
                "class": "",
                "id": ""
            },
            "message": "<a href='\/wp-admin\/edit.php?post_type=our-people' target='_blank'>Click here<\/a> to manage this section.",
            "new_lines": "wpautop",
            "esc_html": 0
        },
        {
            "key": "field_6344461ed054e",
            "label": "Content Section",
            "name": "content_section",
            "aria-label": "",
            "type": "group",
            "instructions": "<img src='\/wp-content\/uploads\/prosek-assets\/acf-images\/content-section.jpg' style='width:100%' \/>",
            "required": 0,
            "conditional_logic": 0,
            "wrapper": {
                "width": "",
                "class": "",
                "id": ""
            },
            "layout": "row",
            "sub_fields": [
                {
                    "key": "field_6344843722656",
                    "label": "Enable",
                    "name": "enable",
                    "aria-label": "",
                    "type": "clone",
                    "instructions": "",
                    "required": 0,
                    "conditional_logic": 0,
                    "wrapper": {
                        "width": "",
                        "class": "",
                        "id": ""
                    },
                    "clone": [
                        "field_634448f9c876c"
                    ],
                    "display": "seamless",
                    "layout": "block",
                    "prefix_label": 0,
                    "prefix_name": 0
                },
                {
                    "key": "field_634839fae2e3f",
                    "label": "Settings",
                    "name": "settings",
                    "aria-label": "",
                    "type": "clone",
                    "instructions": "",
                    "required": 0,
                    "conditional_logic": 0,
                    "wrapper": {
                        "width": "",
                        "class": "",
                        "id": ""
                    },
                    "clone": [
                        "field_6346db9b61643"
                    ],
                    "display": "seamless",
                    "layout": "block",
                    "prefix_label": 0,
                    "prefix_name": 0
                }
            ]
        },
        {
            "key": "field_646a02ce6d040",
            "label": "Image",
            "name": "image",
            "aria-label": "",
            "type": "group",
            "instructions": "",
            "required": 0,
            "conditional_logic": 0,
            "wrapper": {
                "width": "",
                "class": "",
                "id": ""
            },
            "layout": "row",
            "sub_fields": [
                {
                    "key": "field_646a02ce6d041",
                    "label": "Image",
                    "name": "image",
                    "aria-label": "",
                    "type": "image",
                    "instructions": "",
                    "required": 0,
                    "conditional_logic": 0,
                    "wrapper": {
                        "width": "",
                        "class": "",
                        "id": ""
                    },
                    "return_format": "id",
                    "library": "all",
                    "min_width": "",
                    "min_height": "",
                    "min_size": "",
                    "max_width": "",
                    "max_height": "",
                    "max_size": "",
                    "mime_types": "",
                    "preview_size": "medium"
                },
                {
                    "key": "field_646a02ce6d042",
                    "label": "Vertical Position",
                    "name": "v_pos",
                    "aria-label": "",
                    "type": "range",
                    "instructions": "",
                    "required": 0,
                    "conditional_logic": 0,
                    "wrapper": {
                        "width": "",
                        "class": "",
                        "id": ""
                    },
                    "default_value": 50,
                    "min": "",
                    "max": "",
                    "step": "",
                    "prepend": "",
                    "append": "%"
                },
                {
                    "key": "field_646a02ce6d043",
                    "label": "Horizontal Position",
                    "name": "h_pos",
                    "aria-label": "",
                    "type": "range",
                    "instructions": "",
                    "required": 0,
                    "conditional_logic": 0,
                    "wrapper": {
                        "width": "",
                        "class": "",
                        "id": ""
                    },
                    "default_value": 50,
                    "min": "",
                    "max": "",
                    "step": "",
                    "prepend": "",
                    "append": "%"
                }
            ]
        },
        {
            "key": "field_671ccbb90d6c2",
            "label": "Image-BAK",
            "name": "image-bak",
            "aria-label": "",
            "type": "group",
            "instructions": "",
            "required": 0,
            "conditional_logic": 0,
            "wrapper": {
                "width": "",
                "class": "",
                "id": ""
            },
            "layout": "row",
            "sub_fields": [
                {
                    "key": "field_671ccbba0d6c3",
                    "label": "Image",
                    "name": "image",
                    "aria-label": "",
                    "type": "image",
                    "instructions": "",
                    "required": 0,
                    "conditional_logic": 0,
                    "wrapper": {
                        "width": "",
                        "class": "",
                        "id": ""
                    },
                    "return_format": "id",
                    "library": "all",
                    "min_width": "",
                    "min_height": "",
                    "min_size": "",
                    "max_width": "",
                    "max_height": "",
                    "max_size": "",
                    "mime_types": "",
                    "allow_in_bindings": 1,
                    "preview_size": "medium"
                },
                {
                    "key": "field_671ccbba0d6c4",
                    "label": "Vertical Position",
                    "name": "v_pos",
                    "aria-label": "",
                    "type": "range",
                    "instructions": "",
                    "required": 0,
                    "conditional_logic": 0,
                    "wrapper": {
                        "width": "",
                        "class": "",
                        "id": ""
                    },
                    "default_value": 50,
                    "min": "",
                    "max": "",
                    "allow_in_bindings": 1,
                    "step": "",
                    "prepend": "",
                    "append": "%"
                },
                {
                    "key": "field_671ccbba0d6c5",
                    "label": "Horizontal Position",
                    "name": "h_pos",
                    "aria-label": "",
                    "type": "range",
                    "instructions": "",
                    "required": 0,
                    "conditional_logic": 0,
                    "wrapper": {
                        "width": "",
                        "class": "",
                        "id": ""
                    },
                    "default_value": 50,
                    "min": "",
                    "max": "",
                    "allow_in_bindings": 1,
                    "step": "",
                    "prepend": "",
                    "append": "%"
                },
                {
                    "key": "field_671ccbba0d6c6",
                    "label": "Scale",
                    "name": "scale",
                    "aria-label": "",
                    "type": "range",
                    "instructions": "",
                    "required": 0,
                    "conditional_logic": 0,
                    "wrapper": {
                        "width": "",
                        "class": "",
                        "id": ""
                    },
                    "default_value": 100,
                    "min": "",
                    "max": "",
                    "allow_in_bindings": 1,
                    "step": "",
                    "prepend": "",
                    "append": "% (May not apply to some images)"
                },
                {
                    "key": "field_671ccbba0d6c7",
                    "label": "Fit",
                    "name": "fit",
                    "aria-label": "",
                    "type": "button_group",
                    "instructions": "",
                    "required": 0,
                    "conditional_logic": 0,
                    "wrapper": {
                        "width": "",
                        "class": "",
                        "id": ""
                    },
                    "choices": {
                        "cover": "Cover",
                        "contain": "Contain"
                    },
                    "default_value": "cover : Cover",
                    "return_format": "value",
                    "allow_null": 0,
                    "allow_in_bindings": 1,
                    "layout": "horizontal"
                }
            ]
        },
        {
            "key": "field_6349c030df12d",
            "label": "Header Section",
            "name": "header_section",
            "aria-label": "",
            "type": "group",
            "instructions": "<img src='\/wp-content\/prosek-acf\/header-section.jpeg' style='width:100%' \/>",
            "required": 0,
            "conditional_logic": 0,
            "wrapper": {
                "width": "",
                "class": "",
                "id": ""
            },
            "layout": "row",
            "sub_fields": [
                {
                    "key": "field_6349c061df132",
                    "label": "Header Section",
                    "name": "",
                    "aria-label": "",
                    "type": "message",
                    "instructions": "",
                    "required": 0,
                    "conditional_logic": 0,
                    "wrapper": {
                        "width": "",
                        "class": "",
                        "id": ""
                    },
                    "message": "<a href='\/wp-admin\/admin.php?page=site-options#site-options-header-section' target='_blank'>Click here<\/a> to manage this section.",
                    "new_lines": "wpautop",
                    "esc_html": 0
                }
            ]
        },
        {
            "key": "field_6349c15d3ac2d",
            "label": "Footer Section",
            "name": "footer_section",
            "aria-label": "",
            "type": "group",
            "instructions": "<img src='\/wp-content\/prosek-acf\/footer-section.jpeg' style='width:100%' \/>",
            "required": 0,
            "conditional_logic": 0,
            "wrapper": {
                "width": "",
                "class": "",
                "id": ""
            },
            "layout": "row",
            "sub_fields": [
                {
                    "key": "field_6349c15d3ac2e",
                    "label": "Footer Section",
                    "name": "",
                    "aria-label": "",
                    "type": "message",
                    "instructions": "",
                    "required": 0,
                    "conditional_logic": 0,
                    "wrapper": {
                        "width": "",
                        "class": "",
                        "id": ""
                    },
                    "message": "<a href='\/wp-admin\/admin.php?page=site-options#site-options-footer-section' target='_blank'>Click here<\/a> to manage this section.",
                    "new_lines": "wpautop",
                    "esc_html": 0
                }
            ]
        },
        {
            "key": "field_634bb17b4b541",
            "label": "Manage Section",
            "name": "manage_section",
            "aria-label": "",
            "type": "group",
            "instructions": "<img src='\/wp-content\/prosek-acf\/section-image.jpeg' style='width:100%' \/>",
            "required": 0,
            "conditional_logic": 0,
            "wrapper": {
                "width": "",
                "class": "",
                "id": ""
            },
            "layout": "row",
            "sub_fields": [
                {
                    "key": "field_634bb17b4b542",
                    "label": "Enable",
                    "name": "enable",
                    "aria-label": "",
                    "type": "clone",
                    "instructions": "",
                    "required": 0,
                    "conditional_logic": 0,
                    "wrapper": {
                        "width": "",
                        "class": "",
                        "id": ""
                    },
                    "clone": [
                        "field_634448f9c876c"
                    ],
                    "display": "seamless",
                    "layout": "block",
                    "prefix_label": 0,
                    "prefix_name": 0
                },
                {
                    "key": "field_634bf22dadfa8",
                    "label": "Manage Section",
                    "name": "",
                    "aria-label": "",
                    "type": "message",
                    "instructions": "",
                    "required": 0,
                    "conditional_logic": 0,
                    "wrapper": {
                        "width": "",
                        "class": "",
                        "id": ""
                    },
                    "message": "<a href='\/wp-admin\/admin.php?page=site-options#site-options-lets-talk-section' target='_blank'>Click here<\/a> to manage this section.",
                    "new_lines": "wpautop",
                    "esc_html": 0
                }
            ]
        },
        {
            "key": "field_673f4a1a84e0f",
            "label": "Button",
            "name": "button",
            "aria-label": "",
            "type": "group",
            "instructions": "",
            "required": 0,
            "conditional_logic": 0,
            "wrapper": {
                "width": "",
                "class": "",
                "id": ""
            },
            "layout": "row",
            "sub_fields": [
                {
                    "key": "field_673f4a3084e10",
                    "label": "Link Type",
                    "name": "link_type",
                    "aria-label": "",
                    "type": "select",
                    "instructions": "",
                    "required": 0,
                    "conditional_logic": 0,
                    "wrapper": {
                        "width": "20",
                        "class": "",
                        "id": ""
                    },
                    "choices": {
                        "int": "Internal",
                        "ext": "External"
                    },
                    "default_value": false,
                    "return_format": "value",
                    "multiple": 0,
                    "allow_null": 0,
                    "allow_in_bindings": 1,
                    "ui": 0,
                    "ajax": 0,
                    "placeholder": ""
                },
                {
                    "key": "field_673f4a4f84e11",
                    "label": "Link Source",
                    "name": "link_source",
                    "aria-label": "",
                    "type": "select",
                    "instructions": "",
                    "required": 0,
                    "conditional_logic": [
                        [
                            {
                                "field": "field_673f4a3084e10",
                                "operator": "==",
                                "value": "int"
                            }
                        ]
                    ],
                    "wrapper": {
                        "width": "20",
                        "class": "",
                        "id": ""
                    },
                    "choices": {
                        "page": "Page",
                        "media": "Media",
                        "cat": "Category"
                    },
                    "default_value": false,
                    "return_format": "value",
                    "multiple": 0,
                    "allow_null": 0,
                    "allow_in_bindings": 1,
                    "ui": 0,
                    "ajax": 0,
                    "placeholder": ""
                },
                {
                    "key": "field_673f4a5f84e12",
                    "label": "Link",
                    "name": "link_cat",
                    "aria-label": "",
                    "type": "taxonomy",
                    "instructions": "",
                    "required": 0,
                    "conditional_logic": [
                        [
                            {
                                "field": "field_673f4a3084e10",
                                "operator": "==",
                                "value": "int"
                            },
                            {
                                "field": "field_673f4a4f84e11",
                                "operator": "==",
                                "value": "cat"
                            }
                        ]
                    ],
                    "wrapper": {
                        "width": "30",
                        "class": "",
                        "id": ""
                    },
                    "taxonomy": "category",
                    "add_term": 0,
                    "save_terms": 0,
                    "load_terms": 0,
                    "return_format": "id",
                    "field_type": "select",
                    "allow_null": 1,
                    "allow_in_bindings": 1,
                    "bidirectional": 0,
                    "multiple": 0,
                    "bidirectional_target": []
                },
                {
                    "key": "field_673f4a8b84e13",
                    "label": "Link",
                    "name": "link_page",
                    "aria-label": "",
                    "type": "post_object",
                    "instructions": "",
                    "required": 0,
                    "conditional_logic": [
                        [
                            {
                                "field": "field_673f4a3084e10",
                                "operator": "==",
                                "value": "int"
                            },
                            {
                                "field": "field_673f4a4f84e11",
                                "operator": "==",
                                "value": "page"
                            }
                        ]
                    ],
                    "wrapper": {
                        "width": "30",
                        "class": "",
                        "id": ""
                    },
                    "post_type": [
                        "page"
                    ],
                    "post_status": "",
                    "taxonomy": "",
                    "return_format": "id",
                    "multiple": 0,
                    "allow_null": 0,
                    "allow_in_bindings": 1,
                    "bidirectional": 0,
                    "ui": 1,
                    "bidirectional_target": []
                },
                {
                    "key": "field_67f869d09bd87",
                    "label": "Link",
                    "name": "link_media",
                    "aria-label": "",
                    "type": "file",
                    "instructions": "",
                    "required": 0,
                    "conditional_logic": [
                        [
                            {
                                "field": "field_673f4a3084e10",
                                "operator": "==",
                                "value": "int"
                            },
                            {
                                "field": "field_673f4a4f84e11",
                                "operator": "==",
                                "value": "media"
                            }
                        ]
                    ],
                    "wrapper": {
                        "width": "30",
                        "class": "",
                        "id": ""
                    },
                    "return_format": "url",
                    "library": "all",
                    "min_size": "",
                    "max_size": "",
                    "mime_types": "doc,docx,xls,xlsx,pdf",
                    "allow_in_bindings": 0
                },
                {
                    "key": "field_673f4b2c84e14",
                    "label": "Link Text",
                    "name": "link_text",
                    "aria-label": "",
                    "type": "text",
                    "instructions": "",
                    "required": 0,
                    "conditional_logic": [
                        [
                            {
                                "field": "field_673f4a3084e10",
                                "operator": "==",
                                "value": "int"
                            }
                        ]
                    ],
                    "wrapper": {
                        "width": "30",
                        "class": "",
                        "id": ""
                    },
                    "default_value": "",
                    "maxlength": "",
                    "allow_in_bindings": 1,
                    "placeholder": "",
                    "prepend": "",
                    "append": ""
                },
                {
                    "key": "field_673f4b3884e15",
                    "label": "Link",
                    "name": "ext_link",
                    "aria-label": "",
                    "type": "link",
                    "instructions": "",
                    "required": 0,
                    "conditional_logic": [
                        [
                            {
                                "field": "field_673f4a3084e10",
                                "operator": "==",
                                "value": "ext"
                            }
                        ]
                    ],
                    "wrapper": {
                        "width": "60",
                        "class": "",
                        "id": ""
                    },
                    "return_format": "array",
                    "allow_in_bindings": 1
                }
            ]
        },
        {
            "key": "field_685a9bbcd6812",
            "label": "Media Element",
            "name": "media_element",
            "aria-label": "",
            "type": "group",
            "instructions": "",
            "required": 0,
            "conditional_logic": 0,
            "wrapper": {
                "width": "",
                "class": "",
                "id": ""
            },
            "layout": "row",
            "sub_fields": [
                {
                    "key": "field_685a9bdfd6813",
                    "label": "Media Element Type",
                    "name": "media_element_type",
                    "aria-label": "",
                    "type": "select",
                    "instructions": "",
                    "required": 0,
                    "conditional_logic": 0,
                    "wrapper": {
                        "width": "",
                        "class": "",
                        "id": ""
                    },
                    "choices": {
                        "image": "Image",
                        "video": "Video"
                    },
                    "default_value": false,
                    "return_format": "value",
                    "multiple": 0,
                    "allow_null": 0,
                    "allow_in_bindings": 0,
                    "ui": 0,
                    "ajax": 0,
                    "placeholder": "",
                    "create_options": 0,
                    "save_options": 0
                },
                {
                    "key": "field_685a9c17d6815",
                    "label": "Image",
                    "name": "image",
                    "aria-label": "",
                    "type": "image",
                    "instructions": "",
                    "required": 0,
                    "conditional_logic": [
                        [
                            {
                                "field": "field_685a9bdfd6813",
                                "operator": "==",
                                "value": "image"
                            }
                        ]
                    ],
                    "wrapper": {
                        "width": "",
                        "class": "",
                        "id": ""
                    },
                    "return_format": "id",
                    "library": "all",
                    "min_width": "",
                    "min_height": "",
                    "min_size": "",
                    "max_width": "",
                    "max_height": "",
                    "max_size": "",
                    "mime_types": "",
                    "allow_in_bindings": 1,
                    "preview_size": "medium"
                },
                {
                    "key": "field_685a9e28d6818",
                    "label": "Video Type",
                    "name": "video_type",
                    "aria-label": "",
                    "type": "select",
                    "instructions": "",
                    "required": 0,
                    "conditional_logic": [
                        [
                            {
                                "field": "field_685a9bdfd6813",
                                "operator": "==",
                                "value": "video"
                            }
                        ]
                    ],
                    "wrapper": {
                        "width": "",
                        "class": "",
                        "id": ""
                    },
                    "choices": {
                        "local": "Local",
                        "embed": "Embed"
                    },
                    "default_value": false,
                    "return_format": "value",
                    "multiple": 0,
                    "allow_null": 0,
                    "allow_in_bindings": 0,
                    "ui": 0,
                    "ajax": 0,
                    "placeholder": "",
                    "create_options": 0,
                    "save_options": 0
                },
                {
                    "key": "field_685a9e97d6819",
                    "label": "Video",
                    "name": "video_local",
                    "aria-label": "",
                    "type": "file",
                    "instructions": "",
                    "required": 0,
                    "conditional_logic": [
                        [
                            {
                                "field": "field_685a9bdfd6813",
                                "operator": "==",
                                "value": "video"
                            },
                            {
                                "field": "field_685a9e28d6818",
                                "operator": "==",
                                "value": "local"
                            }
                        ]
                    ],
                    "wrapper": {
                        "width": "",
                        "class": "",
                        "id": ""
                    },
                    "return_format": "url",
                    "library": "all",
                    "min_size": "",
                    "max_size": "",
                    "mime_types": "",
                    "allow_in_bindings": 0
                },
                {
                    "key": "field_685a9efdd681b",
                    "label": "Video",
                    "name": "video_embed",
                    "aria-label": "",
                    "type": "url",
                    "instructions": "",
                    "required": 0,
                    "conditional_logic": [
                        [
                            {
                                "field": "field_685a9bdfd6813",
                                "operator": "==",
                                "value": "video"
                            },
                            {
                                "field": "field_685a9e28d6818",
                                "operator": "==",
                                "value": "embed"
                            }
                        ]
                    ],
                    "wrapper": {
                        "width": "",
                        "class": "",
                        "id": ""
                    },
                    "default_value": "",
                    "allow_in_bindings": 0,
                    "placeholder": ""
                },
                {
                    "key": "field_685a9f2ed681d",
                    "label": "Video Overlay",
                    "name": "video_overlay",
                    "aria-label": "",
                    "type": "true_false",
                    "instructions": "",
                    "required": 0,
                    "conditional_logic": [
                        [
                            {
                                "field": "field_685a9bdfd6813",
                                "operator": "==",
                                "value": "video"
                            }
                        ]
                    ],
                    "wrapper": {
                        "width": "",
                        "class": "",
                        "id": ""
                    },
                    "message": "Add video semi-transparent overlay",
                    "default_value": 0,
                    "allow_in_bindings": 1,
                    "ui_on_text": "",
                    "ui_off_text": "",
                    "ui": 1
                },
                {
                    "key": "field_685a9f6bd681e",
                    "label": "Scale",
                    "name": "scale",
                    "aria-label": "",
                    "type": "range",
                    "instructions": "",
                    "required": 0,
                    "conditional_logic": 0,
                    "wrapper": {
                        "width": "",
                        "class": "",
                        "id": ""
                    },
                    "default_value": 1,
                    "min": 1,
                    "max": 2,
                    "allow_in_bindings": 0,
                    "step": "0.1",
                    "prepend": "",
                    "append": ""
                },
                {
                    "key": "field_685a9f9dd681f",
                    "label": "Horizontal Position",
                    "name": "h_pos",
                    "aria-label": "",
                    "type": "range",
                    "instructions": "",
                    "required": 0,
                    "conditional_logic": 0,
                    "wrapper": {
                        "width": "",
                        "class": "",
                        "id": ""
                    },
                    "default_value": 50,
                    "min": 0,
                    "max": 100,
                    "allow_in_bindings": 0,
                    "step": 1,
                    "prepend": "",
                    "append": "%"
                },
                {
                    "key": "field_685a9fddd6820",
                    "label": "Vertical Position",
                    "name": "v_pos",
                    "aria-label": "",
                    "type": "range",
                    "instructions": "",
                    "required": 0,
                    "conditional_logic": 0,
                    "wrapper": {
                        "width": "",
                        "class": "",
                        "id": ""
                    },
                    "default_value": 50,
                    "min": 0,
                    "max": 100,
                    "allow_in_bindings": 0,
                    "step": 1,
                    "prepend": "",
                    "append": "%"
                }
            ]
        }
    ],
    "location": [
        [
            {
                "param": "options_page",
                "operator": "!=",
                "value": "site-options"
            }
        ]
    ],
    "menu_order": -200000,
    "position": "acf_after_title",
    "style": "default",
    "label_placement": "top",
    "instruction_placement": "label",
    "hide_on_screen": [
        "the_content",
        "excerpt",
        "revisions",
        "slug",
        "author",
        "format",
        "send-trackbacks"
    ],
    "active": false,
    "description": "",
    "show_in_rest": 0,
    "modified": 1751217320
}
