{
    "key": "group_634c6abe298a6",
    "title": "🟢 Options Page",
    "fields": [
        {
            "key": "field_634c6aeaab041",
            "label": "Header Section",
            "name": "header_section_edit",
            "aria-label": "",
            "type": "group",
            "instructions": "<img src='\/wp-content\/uploads\/prosek-assets\/acf-images\/header-section.jpg' style='width:100%' \/>",
            "required": 0,
            "conditional_logic": 0,
            "wrapper": {
                "width": "",
                "class": "",
                "id": "site-options-header-section"
            },
            "layout": "row",
            "sub_fields": [
                {
                    "key": "field_634c6aeaab043",
                    "label": "Settings",
                    "name": "settings",
                    "aria-label": "",
                    "type": "clone",
                    "instructions": "",
                    "required": 0,
                    "conditional_logic": 0,
                    "wrapper": {
                        "width": "",
                        "class": "",
                        "id": ""
                    },
                    "clone": [
                        "field_6346db9b61643"
                    ],
                    "display": "seamless",
                    "layout": "block",
                    "prefix_label": 0,
                    "prefix_name": 0
                },
                {
                    "key": "field_634fc03ee0447",
                    "label": "Header Menu",
                    "name": "",
                    "aria-label": "",
                    "type": "message",
                    "instructions": "",
                    "required": 0,
                    "conditional_logic": 0,
                    "wrapper": {
                        "width": "",
                        "class": "",
                        "id": ""
                    },
                    "message": "<a href='\/wp-admin\/nav-menus.php?action=edit&menu=2' target='_blank'>Click here<\/a> to manage this menu.",
                    "new_lines": "wpautop",
                    "esc_html": 0
                }
            ]
        },
        {
            "key": "field_634c71b54f15b",
            "label": "Footer Section",
            "name": "footer_section_edit",
            "aria-label": "",
            "type": "group",
            "instructions": "<img src='\/wp-content\/uploads\/prosek-assets\/acf-images\/footer-section.jpg' style='width:100%' \/>",
            "required": 0,
            "conditional_logic": 0,
            "wrapper": {
                "width": "",
                "class": "",
                "id": "site-options-footer-section"
            },
            "layout": "row",
            "sub_fields": [
                {
                    "key": "field_634c71b54f15c",
                    "label": "Settings",
                    "name": "settings",
                    "aria-label": "",
                    "type": "clone",
                    "instructions": "",
                    "required": 0,
                    "conditional_logic": 0,
                    "wrapper": {
                        "width": "",
                        "class": "",
                        "id": ""
                    },
                    "clone": [
                        "field_6346db9b61643"
                    ],
                    "display": "seamless",
                    "layout": "block",
                    "prefix_label": 0,
                    "prefix_name": 0
                },
                {
                    "key": "field_64496a84b6bc3",
                    "label": "Footer Menu",
                    "name": "",
                    "aria-label": "",
                    "type": "message",
                    "instructions": "",
                    "required": 0,
                    "conditional_logic": 0,
                    "wrapper": {
                        "width": "",
                        "class": "",
                        "id": ""
                    },
                    "message": "<a href='\/wp-admin\/nav-menus.php?action=edit&menu=3' target='_blank'>Click here<\/a> to manage this menu.",
                    "new_lines": "wpautop",
                    "esc_html": 0
                },
                {
                    "key": "field_64da628dcadb4",
                    "label": "Copyright Text",
                    "name": "copyright_text",
                    "aria-label": "",
                    "type": "text",
                    "instructions": "",
                    "required": 1,
                    "conditional_logic": 0,
                    "wrapper": {
                        "width": "",
                        "class": "",
                        "id": ""
                    },
                    "default_value": "",
                    "maxlength": "",
                    "placeholder": "",
                    "prepend": "",
                    "append": ""
                },
                {
                    "key": "field_64da632c40e2f",
                    "label": "Social Icons",
                    "name": "",
                    "aria-label": "",
                    "type": "tab",
                    "instructions": "",
                    "required": 0,
                    "conditional_logic": 0,
                    "wrapper": {
                        "width": "",
                        "class": "",
                        "id": ""
                    },
                    "placement": "top",
                    "endpoint": 0,
                    "selected": 0
                },
                {
                    "key": "field_64da633940e30",
                    "label": "Facebook Link",
                    "name": "facebook_link",
                    "aria-label": "",
                    "type": "text",
                    "instructions": "",
                    "required": 0,
                    "conditional_logic": 0,
                    "wrapper": {
                        "width": "",
                        "class": "",
                        "id": ""
                    },
                    "default_value": "",
                    "maxlength": "",
                    "placeholder": "",
                    "prepend": "",
                    "append": ""
                },
                {
                    "key": "field_64da635440e31",
                    "label": "Instagram Link",
                    "name": "instagram_link",
                    "aria-label": "",
                    "type": "text",
                    "instructions": "",
                    "required": 0,
                    "conditional_logic": 0,
                    "wrapper": {
                        "width": "",
                        "class": "",
                        "id": ""
                    },
                    "default_value": "",
                    "maxlength": "",
                    "placeholder": "",
                    "prepend": "",
                    "append": ""
                },
                {
                    "key": "field_64da636040e32",
                    "label": "Twitter Link",
                    "name": "twitter_link",
                    "aria-label": "",
                    "type": "text",
                    "instructions": "",
                    "required": 0,
                    "conditional_logic": 0,
                    "wrapper": {
                        "width": "",
                        "class": "",
                        "id": ""
                    },
                    "default_value": "",
                    "maxlength": "",
                    "placeholder": "",
                    "prepend": "",
                    "append": ""
                },
                {
                    "key": "field_64da637b40e34",
                    "label": "Github Link",
                    "name": "github_link",
                    "aria-label": "",
                    "type": "text",
                    "instructions": "",
                    "required": 0,
                    "conditional_logic": 0,
                    "wrapper": {
                        "width": "",
                        "class": "",
                        "id": ""
                    },
                    "default_value": "",
                    "maxlength": "",
                    "placeholder": "",
                    "prepend": "",
                    "append": ""
                },
                {
                    "key": "field_64da637240e33",
                    "label": "Youtube Link",
                    "name": "youtube_link",
                    "aria-label": "",
                    "type": "text",
                    "instructions": "",
                    "required": 0,
                    "conditional_logic": 0,
                    "wrapper": {
                        "width": "",
                        "class": "",
                        "id": ""
                    },
                    "default_value": "",
                    "maxlength": "",
                    "placeholder": "",
                    "prepend": "",
                    "append": ""
                }
            ]
        },
        {
            "key": "field_64496ab6207d1",
            "label": "Cookie Consent Banner",
            "name": "cookie_consent_banner",
            "aria-label": "",
            "type": "group",
            "instructions": "<img src='\/wp-content\/uploads\/prosek-assets\/acf-images\/cookie-consent-banner.jpg' style='width:100%' \/>",
            "required": 0,
            "conditional_logic": 0,
            "wrapper": {
                "width": "",
                "class": "",
                "id": "site-options-cookie-consent-banner"
            },
            "layout": "row",
            "sub_fields": [
                {
                    "key": "field_64496ab6207d2",
                    "label": "Settings",
                    "name": "settings",
                    "aria-label": "",
                    "type": "clone",
                    "instructions": "",
                    "required": 0,
                    "conditional_logic": 0,
                    "wrapper": {
                        "width": "",
                        "class": "",
                        "id": ""
                    },
                    "clone": [
                        "field_6346db9b61643"
                    ],
                    "display": "seamless",
                    "layout": "block",
                    "prefix_label": 0,
                    "prefix_name": 0
                },
                {
                    "key": "field_64496aff207d4",
                    "label": "Text",
                    "name": "text",
                    "aria-label": "",
                    "type": "wysiwyg",
                    "instructions": "",
                    "required": 1,
                    "conditional_logic": 0,
                    "wrapper": {
                        "width": "",
                        "class": "",
                        "id": ""
                    },
                    "default_value": "",
                    "tabs": "visual",
                    "toolbar": "basic",
                    "media_upload": 0,
                    "delay": 0
                },
                {
                    "key": "field_64496b25207d5",
                    "label": "Button Text",
                    "name": "button_text",
                    "aria-label": "",
                    "type": "text",
                    "instructions": "",
                    "required": 1,
                    "conditional_logic": 0,
                    "wrapper": {
                        "width": "",
                        "class": "",
                        "id": ""
                    },
                    "default_value": "Accept",
                    "maxlength": "",
                    "placeholder": "",
                    "prepend": "",
                    "append": ""
                }
            ]
        },
        {
            "key": "field_63604150faef6",
            "label": "404 Page",
            "name": "404_page",
            "aria-label": "",
            "type": "group",
            "instructions": "<img src='\/wp-content\/uploads\/prosek-assets\/acf-images\/404-page.jpg' style='width:100%' \/>",
            "required": 0,
            "conditional_logic": 0,
            "wrapper": {
                "width": "",
                "class": "",
                "id": "site-options-404-page"
            },
            "layout": "row",
            "sub_fields": [
                {
                    "key": "field_63604150faef7",
                    "label": "Settings",
                    "name": "settings",
                    "aria-label": "",
                    "type": "clone",
                    "instructions": "",
                    "required": 0,
                    "conditional_logic": 0,
                    "wrapper": {
                        "width": "",
                        "class": "",
                        "id": ""
                    },
                    "clone": [
                        "field_6346db9b61643"
                    ],
                    "display": "seamless",
                    "layout": "block",
                    "prefix_label": 0,
                    "prefix_name": 0
                },
                {
                    "key": "field_63604150faef8",
                    "label": "Heading",
                    "name": "heading",
                    "aria-label": "",
                    "type": "text",
                    "instructions": "",
                    "required": 1,
                    "conditional_logic": 0,
                    "wrapper": {
                        "width": "",
                        "class": "",
                        "id": ""
                    },
                    "default_value": "Heading",
                    "maxlength": "",
                    "placeholder": "",
                    "prepend": "",
                    "append": ""
                },
                {
                    "key": "field_63604194faefd",
                    "label": "Text",
                    "name": "text",
                    "aria-label": "",
                    "type": "wysiwyg",
                    "instructions": "",
                    "required": 1,
                    "conditional_logic": 0,
                    "wrapper": {
                        "width": "",
                        "class": "",
                        "id": ""
                    },
                    "default_value": "Text",
                    "tabs": "visual",
                    "toolbar": "basic",
                    "media_upload": 0,
                    "delay": 0
                }
            ]
        },
        {
            "key": "field_653a6af4f29a6",
            "label": "CTA banner",
            "name": "cta_banner",
            "aria-label": "",
            "type": "group",
            "instructions": "<img src='\/wp-content\/uploads\/prosek-assets\/acf-images\/custom-options.jpg' style='width:100%' \/>",
            "required": 0,
            "conditional_logic": 0,
            "wrapper": {
                "width": "",
                "class": "",
                "id": "site-options-10"
            },
            "layout": "row",
            "sub_fields": [
                {
                    "key": "field_653a6af4f29a9",
                    "label": "Settings",
                    "name": "settings",
                    "aria-label": "",
                    "type": "clone",
                    "instructions": "",
                    "required": 0,
                    "conditional_logic": 0,
                    "wrapper": {
                        "width": "",
                        "class": "",
                        "id": ""
                    },
                    "clone": [
                        "field_6346db9b61643"
                    ],
                    "display": "seamless",
                    "layout": "block",
                    "prefix_label": 0,
                    "prefix_name": 0
                },
                {
                    "key": "field_6745cfbaaba10",
                    "label": "Heading",
                    "name": "heading",
                    "aria-label": "",
                    "type": "text",
                    "instructions": "",
                    "required": 0,
                    "conditional_logic": 0,
                    "wrapper": {
                        "width": "",
                        "class": "",
                        "id": ""
                    },
                    "default_value": "",
                    "maxlength": "",
                    "allow_in_bindings": 0,
                    "placeholder": "",
                    "prepend": "",
                    "append": ""
                },
                {
                    "key": "field_6745cfeaaba11",
                    "label": "Text",
                    "name": "text",
                    "aria-label": "",
                    "type": "textarea",
                    "instructions": "",
                    "required": 0,
                    "conditional_logic": 0,
                    "wrapper": {
                        "width": "",
                        "class": "",
                        "id": ""
                    },
                    "default_value": "",
                    "maxlength": "",
                    "allow_in_bindings": 0,
                    "rows": 4,
                    "placeholder": "",
                    "new_lines": ""
                },
                {
                    "key": "field_6745cff5aba12",
                    "label": "Button",
                    "name": "button",
                    "aria-label": "",
                    "type": "clone",
                    "instructions": "",
                    "required": 0,
                    "conditional_logic": 0,
                    "wrapper": {
                        "width": "",
                        "class": "",
                        "id": ""
                    },
                    "clone": [
                        "field_673f4a1a84e0f"
                    ],
                    "display": "seamless",
                    "layout": "block",
                    "prefix_label": 0,
                    "prefix_name": 0
                }
            ]
        },
        {
            "key": "field_653a6af1f299b",
            "label": "Modal",
            "name": "modal",
            "aria-label": "",
            "type": "group",
            "instructions": "<img src='\/wp-content\/uploads\/prosek-assets\/acf-images\/custom-options.jpg' style='width:100%' \/>",
            "required": 0,
            "conditional_logic": 0,
            "wrapper": {
                "width": "",
                "class": "",
                "id": "site-options-9"
            },
            "layout": "row",
            "sub_fields": [
                {
                    "key": "field_653a6af2f299e",
                    "label": "Settings",
                    "name": "settings",
                    "aria-label": "",
                    "type": "clone",
                    "instructions": "",
                    "required": 0,
                    "conditional_logic": 0,
                    "wrapper": {
                        "width": "",
                        "class": "",
                        "id": ""
                    },
                    "clone": [
                        "field_6346db9b61643"
                    ],
                    "display": "seamless",
                    "layout": "",
                    "prefix_label": 0,
                    "prefix_name": 0
                },
                {
                    "key": "field_6749c856286f1",
                    "label": "Heading",
                    "name": "heading",
                    "aria-label": "",
                    "type": "text",
                    "instructions": "",
                    "required": 0,
                    "conditional_logic": 0,
                    "wrapper": {
                        "width": "",
                        "class": "",
                        "id": ""
                    },
                    "default_value": "",
                    "maxlength": "",
                    "allow_in_bindings": 0,
                    "placeholder": "",
                    "prepend": "",
                    "append": ""
                },
                {
                    "key": "field_6749c85d286f2",
                    "label": "Text",
                    "name": "text",
                    "aria-label": "",
                    "type": "wysiwyg",
                    "instructions": "",
                    "required": 0,
                    "conditional_logic": 0,
                    "wrapper": {
                        "width": "",
                        "class": "",
                        "id": ""
                    },
                    "default_value": "",
                    "allow_in_bindings": 0,
                    "tabs": "all",
                    "toolbar": "full",
                    "media_upload": 1,
                    "delay": 0
                }
            ]
        },
        {
            "key": "field_653a6704d725c",
            "label": "Options 1",
            "name": "options_1",
            "aria-label": "",
            "type": "group",
            "instructions": "<img src='\/wp-content\/uploads\/prosek-assets\/acf-images\/custom-options.jpg' style='width:100%' \/>",
            "required": 0,
            "conditional_logic": 0,
            "wrapper": {
                "width": "",
                "class": "",
                "id": "site-options-1"
            },
            "layout": "row",
            "sub_fields": [
                {
                    "key": "field_653a6705d7261",
                    "label": "Settings",
                    "name": "settings",
                    "aria-label": "",
                    "type": "clone",
                    "instructions": "",
                    "required": 0,
                    "conditional_logic": 0,
                    "wrapper": {
                        "width": "",
                        "class": "",
                        "id": ""
                    },
                    "clone": [
                        "field_6346db9b61643"
                    ],
                    "display": "seamless",
                    "layout": "block",
                    "prefix_label": 0,
                    "prefix_name": 0
                },
                {
                    "key": "field_653a6705d7263",
                    "label": "Basic Text Input",
                    "name": "basic_text_input",
                    "aria-label": "",
                    "type": "text",
                    "instructions": "",
                    "required": 0,
                    "conditional_logic": 0,
                    "wrapper": {
                        "width": "",
                        "class": "",
                        "id": ""
                    },
                    "default_value": "",
                    "maxlength": "",
                    "placeholder": "",
                    "prepend": "",
                    "append": ""
                },
                {
                    "key": "field_653a6705d7265",
                    "label": "Image With Positioning + Scaling",
                    "name": "image_with_positioning",
                    "aria-label": "",
                    "type": "clone",
                    "instructions": "",
                    "required": 0,
                    "conditional_logic": 0,
                    "wrapper": {
                        "width": "",
                        "class": "",
                        "id": ""
                    },
                    "clone": [
                        "field_646a02ce6d040"
                    ],
                    "display": "seamless",
                    "layout": "block",
                    "prefix_label": 1,
                    "prefix_name": 1
                },
                {
                    "key": "field_653a6705d7268",
                    "label": "Message",
                    "name": "",
                    "aria-label": "",
                    "type": "message",
                    "instructions": "",
                    "required": 0,
                    "conditional_logic": 0,
                    "wrapper": {
                        "width": "",
                        "class": "",
                        "id": ""
                    },
                    "message": "<a href='\/wp-admin\/edit.php?post_type=our-people' target='_blank'>Click here<\/a> to manage this section.",
                    "new_lines": "wpautop",
                    "esc_html": 0
                }
            ]
        },
        {
            "key": "field_653a680780952",
            "label": "Options 2",
            "name": "options_2",
            "aria-label": "",
            "type": "group",
            "instructions": "<img src='\/wp-content\/uploads\/prosek-assets\/acf-images\/custom-options.jpg' style='width:100%' \/>",
            "required": 0,
            "conditional_logic": 0,
            "wrapper": {
                "width": "",
                "class": "",
                "id": "site-options-2"
            },
            "layout": "row",
            "sub_fields": [
                {
                    "key": "field_653a680780955",
                    "label": "Settings",
                    "name": "settings",
                    "aria-label": "",
                    "type": "clone",
                    "instructions": "",
                    "required": 0,
                    "conditional_logic": 0,
                    "wrapper": {
                        "width": "",
                        "class": "",
                        "id": ""
                    },
                    "clone": [
                        "field_6346db9b61643"
                    ],
                    "display": "seamless",
                    "layout": "",
                    "prefix_label": 0,
                    "prefix_name": 0
                },
                {
                    "key": "field_653a680780957",
                    "label": "Basic Text Input",
                    "name": "basic_text_input",
                    "aria-label": "",
                    "type": "text",
                    "instructions": "",
                    "required": 0,
                    "conditional_logic": 0,
                    "wrapper": {
                        "width": "",
                        "class": "",
                        "id": ""
                    },
                    "default_value": "",
                    "maxlength": "",
                    "placeholder": "",
                    "prepend": "",
                    "append": ""
                },
                {
                    "key": "field_653a680780959",
                    "label": "Image With Positioning + Scaling",
                    "name": "image_with_positioning",
                    "aria-label": "",
                    "type": "clone",
                    "instructions": "",
                    "required": 0,
                    "conditional_logic": 0,
                    "wrapper": {
                        "width": "",
                        "class": "",
                        "id": ""
                    },
                    "clone": [
                        "field_646a02ce6d040"
                    ],
                    "display": "seamless",
                    "layout": "",
                    "prefix_label": 1,
                    "prefix_name": 1
                },
                {
                    "key": "field_653a68078095c",
                    "label": "Message",
                    "name": "",
                    "aria-label": "",
                    "type": "message",
                    "instructions": "",
                    "required": 0,
                    "conditional_logic": 0,
                    "wrapper": {
                        "width": "",
                        "class": "",
                        "id": ""
                    },
                    "message": "<a href='\/wp-admin\/edit.php?post_type=our-people' target='_blank'>Click here<\/a> to manage this section.",
                    "new_lines": "wpautop",
                    "esc_html": 0
                }
            ]
        },
        {
            "key": "field_653a680f8095d",
            "label": "Options 3",
            "name": "options_3",
            "aria-label": "",
            "type": "group",
            "instructions": "<img src='\/wp-content\/uploads\/prosek-assets\/acf-images\/custom-options.jpg' style='width:100%' \/>",
            "required": 0,
            "conditional_logic": 0,
            "wrapper": {
                "width": "",
                "class": "",
                "id": "site-options-3"
            },
            "layout": "row",
            "sub_fields": [
                {
                    "key": "field_653a680f80960",
                    "label": "Settings",
                    "name": "settings",
                    "aria-label": "",
                    "type": "clone",
                    "instructions": "",
                    "required": 0,
                    "conditional_logic": 0,
                    "wrapper": {
                        "width": "",
                        "class": "",
                        "id": ""
                    },
                    "clone": [
                        "field_6346db9b61643"
                    ],
                    "display": "seamless",
                    "layout": "block",
                    "prefix_label": 0,
                    "prefix_name": 0
                },
                {
                    "key": "field_653a680f80962",
                    "label": "Basic Text Input",
                    "name": "basic_text_input",
                    "aria-label": "",
                    "type": "text",
                    "instructions": "",
                    "required": 0,
                    "conditional_logic": 0,
                    "wrapper": {
                        "width": "",
                        "class": "",
                        "id": ""
                    },
                    "default_value": "",
                    "maxlength": "",
                    "placeholder": "",
                    "prepend": "",
                    "append": ""
                },
                {
                    "key": "field_653a680f80964",
                    "label": "Image With Positioning + Scaling",
                    "name": "image_with_positioning",
                    "aria-label": "",
                    "type": "clone",
                    "instructions": "",
                    "required": 0,
                    "conditional_logic": 0,
                    "wrapper": {
                        "width": "",
                        "class": "",
                        "id": ""
                    },
                    "clone": [
                        "field_646a02ce6d040"
                    ],
                    "display": "seamless",
                    "layout": "block",
                    "prefix_label": 1,
                    "prefix_name": 1
                },
                {
                    "key": "field_653a680f80967",
                    "label": "Message",
                    "name": "",
                    "aria-label": "",
                    "type": "message",
                    "instructions": "",
                    "required": 0,
                    "conditional_logic": 0,
                    "wrapper": {
                        "width": "",
                        "class": "",
                        "id": ""
                    },
                    "message": "<a href='\/wp-admin\/edit.php?post_type=our-people' target='_blank'>Click here<\/a> to manage this section.",
                    "new_lines": "wpautop",
                    "esc_html": 0
                }
            ]
        },
        {
            "key": "field_653a68368df4c",
            "label": "Options 4",
            "name": "options_4",
            "aria-label": "",
            "type": "group",
            "instructions": "<img src='\/wp-content\/uploads\/prosek-assets\/acf-images\/custom-options.jpg' style='width:100%' \/>",
            "required": 0,
            "conditional_logic": 0,
            "wrapper": {
                "width": "",
                "class": "",
                "id": "site-options-4"
            },
            "layout": "row",
            "sub_fields": [
                {
                    "key": "field_653a68368df4f",
                    "label": "Settings",
                    "name": "settings",
                    "aria-label": "",
                    "type": "clone",
                    "instructions": "",
                    "required": 0,
                    "conditional_logic": 0,
                    "wrapper": {
                        "width": "",
                        "class": "",
                        "id": ""
                    },
                    "clone": [
                        "field_6346db9b61643"
                    ],
                    "display": "seamless",
                    "layout": "",
                    "prefix_label": 0,
                    "prefix_name": 0
                },
                {
                    "key": "field_653a68368df51",
                    "label": "Basic Text Input",
                    "name": "basic_text_input",
                    "aria-label": "",
                    "type": "text",
                    "instructions": "",
                    "required": 0,
                    "conditional_logic": 0,
                    "wrapper": {
                        "width": "",
                        "class": "",
                        "id": ""
                    },
                    "default_value": "",
                    "maxlength": "",
                    "placeholder": "",
                    "prepend": "",
                    "append": ""
                },
                {
                    "key": "field_653a68368df53",
                    "label": "Image With Positioning + Scaling",
                    "name": "image_with_positioning",
                    "aria-label": "",
                    "type": "clone",
                    "instructions": "",
                    "required": 0,
                    "conditional_logic": 0,
                    "wrapper": {
                        "width": "",
                        "class": "",
                        "id": ""
                    },
                    "clone": [
                        "field_646a02ce6d040"
                    ],
                    "display": "seamless",
                    "layout": "",
                    "prefix_label": 1,
                    "prefix_name": 1
                },
                {
                    "key": "field_653a68368df56",
                    "label": "Message",
                    "name": "",
                    "aria-label": "",
                    "type": "message",
                    "instructions": "",
                    "required": 0,
                    "conditional_logic": 0,
                    "wrapper": {
                        "width": "",
                        "class": "",
                        "id": ""
                    },
                    "message": "<a href='\/wp-admin\/edit.php?post_type=our-people' target='_blank'>Click here<\/a> to manage this section.",
                    "new_lines": "wpautop",
                    "esc_html": 0
                }
            ]
        },
        {
            "key": "field_653a68398df57",
            "label": "Options 5",
            "name": "options_5",
            "aria-label": "",
            "type": "group",
            "instructions": "<img src='\/wp-content\/uploads\/prosek-assets\/acf-images\/custom-options.jpg' style='width:100%' \/>",
            "required": 0,
            "conditional_logic": 0,
            "wrapper": {
                "width": "",
                "class": "",
                "id": "site-options-5"
            },
            "layout": "row",
            "sub_fields": [
                {
                    "key": "field_653a68398df5a",
                    "label": "Settings",
                    "name": "settings",
                    "aria-label": "",
                    "type": "clone",
                    "instructions": "",
                    "required": 0,
                    "conditional_logic": 0,
                    "wrapper": {
                        "width": "",
                        "class": "",
                        "id": ""
                    },
                    "clone": [
                        "field_6346db9b61643"
                    ],
                    "display": "seamless",
                    "layout": "block",
                    "prefix_label": 0,
                    "prefix_name": 0
                },
                {
                    "key": "field_653a68398df5c",
                    "label": "Basic Text Input",
                    "name": "basic_text_input",
                    "aria-label": "",
                    "type": "text",
                    "instructions": "",
                    "required": 0,
                    "conditional_logic": 0,
                    "wrapper": {
                        "width": "",
                        "class": "",
                        "id": ""
                    },
                    "default_value": "",
                    "maxlength": "",
                    "placeholder": "",
                    "prepend": "",
                    "append": ""
                },
                {
                    "key": "field_653a68398df5e",
                    "label": "Image With Positioning + Scaling",
                    "name": "image_with_positioning",
                    "aria-label": "",
                    "type": "clone",
                    "instructions": "",
                    "required": 0,
                    "conditional_logic": 0,
                    "wrapper": {
                        "width": "",
                        "class": "",
                        "id": ""
                    },
                    "clone": [
                        "field_646a02ce6d040"
                    ],
                    "display": "seamless",
                    "layout": "block",
                    "prefix_label": 1,
                    "prefix_name": 1
                },
                {
                    "key": "field_653a68398df61",
                    "label": "Message",
                    "name": "",
                    "aria-label": "",
                    "type": "message",
                    "instructions": "",
                    "required": 0,
                    "conditional_logic": 0,
                    "wrapper": {
                        "width": "",
                        "class": "",
                        "id": ""
                    },
                    "message": "<a href='\/wp-admin\/edit.php?post_type=our-people' target='_blank'>Click here<\/a> to manage this section.",
                    "new_lines": "wpautop",
                    "esc_html": 0
                }
            ]
        },
        {
            "key": "field_653a6ae9f297a",
            "label": "Options 6",
            "name": "options_6",
            "aria-label": "",
            "type": "group",
            "instructions": "<img src='\/wp-content\/uploads\/prosek-assets\/acf-images\/custom-options.jpg' style='width:100%' \/>",
            "required": 0,
            "conditional_logic": 0,
            "wrapper": {
                "width": "",
                "class": "",
                "id": "site-options-6"
            },
            "layout": "row",
            "sub_fields": [
                {
                    "key": "field_653a6ae9f297d",
                    "label": "Settings",
                    "name": "settings",
                    "aria-label": "",
                    "type": "clone",
                    "instructions": "",
                    "required": 0,
                    "conditional_logic": 0,
                    "wrapper": {
                        "width": "",
                        "class": "",
                        "id": ""
                    },
                    "clone": [
                        "field_6346db9b61643"
                    ],
                    "display": "seamless",
                    "layout": "",
                    "prefix_label": 0,
                    "prefix_name": 0
                },
                {
                    "key": "field_653a6ae9f297f",
                    "label": "Basic Text Input",
                    "name": "basic_text_input",
                    "aria-label": "",
                    "type": "text",
                    "instructions": "",
                    "required": 0,
                    "conditional_logic": 0,
                    "wrapper": {
                        "width": "",
                        "class": "",
                        "id": ""
                    },
                    "default_value": "",
                    "maxlength": "",
                    "placeholder": "",
                    "prepend": "",
                    "append": ""
                },
                {
                    "key": "field_653a6ae9f2981",
                    "label": "Image With Positioning + Scaling",
                    "name": "image_with_positioning",
                    "aria-label": "",
                    "type": "clone",
                    "instructions": "",
                    "required": 0,
                    "conditional_logic": 0,
                    "wrapper": {
                        "width": "",
                        "class": "",
                        "id": ""
                    },
                    "clone": [
                        "field_646a02ce6d040"
                    ],
                    "display": "seamless",
                    "layout": "",
                    "prefix_label": 1,
                    "prefix_name": 1
                },
                {
                    "key": "field_653a6ae9f2984",
                    "label": "Message",
                    "name": "",
                    "aria-label": "",
                    "type": "message",
                    "instructions": "",
                    "required": 0,
                    "conditional_logic": 0,
                    "wrapper": {
                        "width": "",
                        "class": "",
                        "id": ""
                    },
                    "message": "<a href='\/wp-admin\/edit.php?post_type=our-people' target='_blank'>Click here<\/a> to manage this section.",
                    "new_lines": "wpautop",
                    "esc_html": 0
                }
            ]
        },
        {
            "key": "field_653a6aedf2985",
            "label": "Options 7",
            "name": "options_7",
            "aria-label": "",
            "type": "group",
            "instructions": "<img src='\/wp-content\/uploads\/prosek-assets\/acf-images\/custom-options.jpg' style='width:100%' \/>",
            "required": 0,
            "conditional_logic": 0,
            "wrapper": {
                "width": "",
                "class": "",
                "id": "site-options-7"
            },
            "layout": "row",
            "sub_fields": [
                {
                    "key": "field_653a6aedf2988",
                    "label": "Settings",
                    "name": "settings",
                    "aria-label": "",
                    "type": "clone",
                    "instructions": "",
                    "required": 0,
                    "conditional_logic": 0,
                    "wrapper": {
                        "width": "",
                        "class": "",
                        "id": ""
                    },
                    "clone": [
                        "field_6346db9b61643"
                    ],
                    "display": "seamless",
                    "layout": "",
                    "prefix_label": 0,
                    "prefix_name": 0
                },
                {
                    "key": "field_653a6aedf298a",
                    "label": "Basic Text Input",
                    "name": "basic_text_input",
                    "aria-label": "",
                    "type": "text",
                    "instructions": "",
                    "required": 0,
                    "conditional_logic": 0,
                    "wrapper": {
                        "width": "",
                        "class": "",
                        "id": ""
                    },
                    "default_value": "",
                    "maxlength": "",
                    "placeholder": "",
                    "prepend": "",
                    "append": ""
                },
                {
                    "key": "field_653a6aedf298c",
                    "label": "Image With Positioning + Scaling",
                    "name": "image_with_positioning",
                    "aria-label": "",
                    "type": "clone",
                    "instructions": "",
                    "required": 0,
                    "conditional_logic": 0,
                    "wrapper": {
                        "width": "",
                        "class": "",
                        "id": ""
                    },
                    "clone": [
                        "field_646a02ce6d040"
                    ],
                    "display": "seamless",
                    "layout": "",
                    "prefix_label": 1,
                    "prefix_name": 1
                },
                {
                    "key": "field_653a6aedf298f",
                    "label": "Message",
                    "name": "",
                    "aria-label": "",
                    "type": "message",
                    "instructions": "",
                    "required": 0,
                    "conditional_logic": 0,
                    "wrapper": {
                        "width": "",
                        "class": "",
                        "id": ""
                    },
                    "message": "<a href='\/wp-admin\/edit.php?post_type=our-people' target='_blank'>Click here<\/a> to manage this section.",
                    "new_lines": "wpautop",
                    "esc_html": 0
                }
            ]
        },
        {
            "key": "field_653a6aeff2990",
            "label": "Options 8",
            "name": "options_8",
            "aria-label": "",
            "type": "group",
            "instructions": "<img src='\/wp-content\/uploads\/prosek-assets\/acf-images\/custom-options.jpg' style='width:100%' \/>",
            "required": 0,
            "conditional_logic": 0,
            "wrapper": {
                "width": "",
                "class": "",
                "id": "site-options-8"
            },
            "layout": "row",
            "sub_fields": [
                {
                    "key": "field_653a6aeff2993",
                    "label": "Settings",
                    "name": "settings",
                    "aria-label": "",
                    "type": "clone",
                    "instructions": "",
                    "required": 0,
                    "conditional_logic": 0,
                    "wrapper": {
                        "width": "",
                        "class": "",
                        "id": ""
                    },
                    "clone": [
                        "field_6346db9b61643"
                    ],
                    "display": "seamless",
                    "layout": "",
                    "prefix_label": 0,
                    "prefix_name": 0
                },
                {
                    "key": "field_653a6aeff2995",
                    "label": "Basic Text Input",
                    "name": "basic_text_input",
                    "aria-label": "",
                    "type": "text",
                    "instructions": "",
                    "required": 0,
                    "conditional_logic": 0,
                    "wrapper": {
                        "width": "",
                        "class": "",
                        "id": ""
                    },
                    "default_value": "",
                    "maxlength": "",
                    "placeholder": "",
                    "prepend": "",
                    "append": ""
                },
                {
                    "key": "field_653a6aeff2997",
                    "label": "Image With Positioning + Scaling",
                    "name": "image_with_positioning",
                    "aria-label": "",
                    "type": "clone",
                    "instructions": "",
                    "required": 0,
                    "conditional_logic": 0,
                    "wrapper": {
                        "width": "",
                        "class": "",
                        "id": ""
                    },
                    "clone": [
                        "field_646a02ce6d040"
                    ],
                    "display": "seamless",
                    "layout": "",
                    "prefix_label": 1,
                    "prefix_name": 1
                },
                {
                    "key": "field_653a6aeff299a",
                    "label": "Message",
                    "name": "",
                    "aria-label": "",
                    "type": "message",
                    "instructions": "",
                    "required": 0,
                    "conditional_logic": 0,
                    "wrapper": {
                        "width": "",
                        "class": "",
                        "id": ""
                    },
                    "message": "<a href='\/wp-admin\/edit.php?post_type=our-people' target='_blank'>Click here<\/a> to manage this section.",
                    "new_lines": "wpautop",
                    "esc_html": 0
                }
            ]
        }
    ],
    "location": [
        [
            {
                "param": "options_page",
                "operator": "==",
                "value": "site-options"
            }
        ]
    ],
    "menu_order": -100002,
    "position": "acf_after_title",
    "style": "seamless",
    "label_placement": "top",
    "instruction_placement": "label",
    "hide_on_screen": [
        "the_content",
        "excerpt",
        "revisions",
        "slug",
        "author",
        "format",
        "send-trackbacks"
    ],
    "active": true,
    "description": "",
    "show_in_rest": 0,
    "modified": 1732888690
}
