{
    "key": "group_64da082abd834",
    "title": "News & Insights",
    "fields": [
        {
            "key": "field_64da41b81cef1",
            "label": "News & Insights - All Post",
            "name": "news_&_insights_-_all_post",
            "aria-label": "",
            "type": "group",
            "instructions": "<img src='\/wp-content\/uploads\/prosek-assets\/acf-images\/content-section.jpg' style='width:100%' \/>",
            "required": 0,
            "conditional_logic": 0,
            "wrapper": {
                "width": "",
                "class": "",
                "id": ""
            },
            "layout": "row",
            "sub_fields": [
                {
                    "key": "field_64da41b81cef5",
                    "label": "Enable",
                    "name": "enable",
                    "aria-label": "",
                    "type": "clone",
                    "instructions": "",
                    "required": 0,
                    "conditional_logic": 0,
                    "wrapper": {
                        "width": "",
                        "class": "",
                        "id": ""
                    },
                    "clone": [
                        "field_634448f9c876c"
                    ],
                    "display": "seamless",
                    "layout": "block",
                    "prefix_label": 0,
                    "prefix_name": 0
                },
                {
                    "key": "field_64da41b81cef6",
                    "label": "Settings",
                    "name": "settings",
                    "aria-label": "",
                    "type": "clone",
                    "instructions": "",
                    "required": 0,
                    "conditional_logic": 0,
                    "wrapper": {
                        "width": "",
                        "class": "",
                        "id": ""
                    },
                    "clone": [
                        "field_6346db9b61643"
                    ],
                    "display": "seamless",
                    "layout": "block",
                    "prefix_label": 0,
                    "prefix_name": 0
                },
                {
                    "key": "field_6744b2ff314e4",
                    "label": "Heading",
                    "name": "heading",
                    "aria-label": "",
                    "type": "text",
                    "instructions": "",
                    "required": 0,
                    "conditional_logic": 0,
                    "wrapper": {
                        "width": "",
                        "class": "",
                        "id": ""
                    },
                    "default_value": "",
                    "maxlength": "",
                    "allow_in_bindings": 0,
                    "placeholder": "",
                    "prepend": "",
                    "append": ""
                },
                {
                    "key": "field_6744b30d314e5",
                    "label": "Text",
                    "name": "text",
                    "aria-label": "",
                    "type": "textarea",
                    "instructions": "",
                    "required": 0,
                    "conditional_logic": 0,
                    "wrapper": {
                        "width": "",
                        "class": "",
                        "id": ""
                    },
                    "default_value": "",
                    "maxlength": "",
                    "allow_in_bindings": 0,
                    "rows": 5,
                    "placeholder": "",
                    "new_lines": ""
                },
                {
                    "key": "field_6744b320314e6",
                    "label": "Notice",
                    "name": "",
                    "aria-label": "",
                    "type": "message",
                    "instructions": "",
                    "required": 0,
                    "conditional_logic": 0,
                    "wrapper": {
                        "width": "",
                        "class": "",
                        "id": ""
                    },
                    "message": "<a href='\/wp-admin\/edit.php' target='_blank'>Click here<\/a> to manage this section.",
                    "new_lines": "wpautop",
                    "esc_html": 0
                }
            ]
        }
    ],
    "location": [
        [
            {
                "param": "page",
                "operator": "==",
                "value": "1878"
            }
        ]
    ],
    "menu_order": 1,
    "position": "acf_after_title",
    "style": "default",
    "label_placement": "top",
    "instruction_placement": "label",
    "hide_on_screen": [
        "the_content",
        "excerpt",
        "revisions",
        "slug",
        "author",
        "format",
        "send-trackbacks"
    ],
    "active": true,
    "description": "",
    "show_in_rest": 0,
    "modified": 1732555573
}
