{
    "key": "group_673f490bc8118",
    "title": "⭕ Sections",
    "fields": [
        {
            "key": "field_673f493e3362f",
            "label": "Text and Media",
            "name": "text_and_media",
            "aria-label": "",
            "type": "group",
            "instructions": "<img src='\/wp-content\/uploads\/prosek-assets\/acf-images\/content-section.jpg' style='width:100%' alt='' \/>",
            "required": 0,
            "conditional_logic": 0,
            "wrapper": {
                "width": "",
                "class": "",
                "id": ""
            },
            "layout": "row",
            "sub_fields": [
                {
                    "key": "field_673f498533630",
                    "label": "Image Position",
                    "name": "image_position",
                    "aria-label": "",
                    "type": "button_group",
                    "instructions": "",
                    "required": 0,
                    "conditional_logic": 0,
                    "wrapper": {
                        "width": "",
                        "class": "",
                        "id": ""
                    },
                    "choices": {
                        "left": "Left",
                        "right": "Right"
                    },
                    "default_value": "",
                    "return_format": "value",
                    "allow_null": 0,
                    "allow_in_bindings": 0,
                    "layout": "horizontal"
                },
                {
                    "key": "field_673f49b733631",
                    "label": "Media Element Fields",
                    "name": "media_element_fields",
                    "aria-label": "",
                    "type": "clone",
                    "instructions": "",
                    "required": 0,
                    "conditional_logic": 0,
                    "wrapper": {
                        "width": "",
                        "class": "",
                        "id": ""
                    },
                    "clone": [
                        "field_685a9bbcd6812"
                    ],
                    "display": "seamless",
                    "layout": "block",
                    "prefix_label": 0,
                    "prefix_name": 0
                },
                {
                    "key": "field_673f49d833632",
                    "label": "Heading 1",
                    "name": "heading_1",
                    "aria-label": "",
                    "type": "text",
                    "instructions": "",
                    "required": 0,
                    "conditional_logic": 0,
                    "wrapper": {
                        "width": "",
                        "class": "",
                        "id": ""
                    },
                    "default_value": "",
                    "maxlength": "",
                    "allow_in_bindings": 0,
                    "placeholder": "",
                    "prepend": "",
                    "append": ""
                },
                {
                    "key": "field_673f674e375a1",
                    "label": "Heading 2",
                    "name": "heading_2",
                    "aria-label": "",
                    "type": "text",
                    "instructions": "",
                    "required": 0,
                    "conditional_logic": 0,
                    "wrapper": {
                        "width": "",
                        "class": "",
                        "id": ""
                    },
                    "default_value": "",
                    "maxlength": "",
                    "allow_in_bindings": 0,
                    "placeholder": "",
                    "prepend": "",
                    "append": ""
                },
                {
                    "key": "field_673f49df33633",
                    "label": "Text",
                    "name": "text",
                    "aria-label": "",
                    "type": "textarea",
                    "instructions": "",
                    "required": 0,
                    "conditional_logic": 0,
                    "wrapper": {
                        "width": "",
                        "class": "",
                        "id": ""
                    },
                    "default_value": "",
                    "maxlength": "",
                    "allow_in_bindings": 0,
                    "rows": 5,
                    "placeholder": "",
                    "new_lines": ""
                },
                {
                    "key": "field_673f49f333634",
                    "label": "Button",
                    "name": "button",
                    "aria-label": "",
                    "type": "clone",
                    "instructions": "",
                    "required": 0,
                    "conditional_logic": 0,
                    "wrapper": {
                        "width": "",
                        "class": "",
                        "id": ""
                    },
                    "clone": [
                        "field_673f4a1a84e0f"
                    ],
                    "display": "seamless",
                    "layout": "block",
                    "prefix_label": 0,
                    "prefix_name": 0
                }
            ]
        },
        {
            "key": "field_673f70fc14470",
            "label": "Hero Carousel",
            "name": "hero_carousel",
            "aria-label": "",
            "type": "group",
            "instructions": "<img src='\/wp-content\/uploads\/prosek-assets\/acf-images\/content-section.jpg' style='width:100%' alt='' \/>",
            "required": 0,
            "conditional_logic": 0,
            "wrapper": {
                "width": "",
                "class": "",
                "id": ""
            },
            "layout": "row",
            "sub_fields": [
                {
                    "key": "field_673f710914471",
                    "label": "Slider",
                    "name": "slider",
                    "aria-label": "",
                    "type": "repeater",
                    "instructions": "",
                    "required": 0,
                    "conditional_logic": 0,
                    "wrapper": {
                        "width": "",
                        "class": "",
                        "id": ""
                    },
                    "layout": "row",
                    "pagination": 0,
                    "min": 0,
                    "max": 0,
                    "collapsed": "",
                    "button_label": "Add Slide",
                    "rows_per_page": 20,
                    "sub_fields": [
                        {
                            "key": "field_673f713114472",
                            "label": "Heading",
                            "name": "heading",
                            "aria-label": "",
                            "type": "text",
                            "instructions": "",
                            "required": 0,
                            "conditional_logic": 0,
                            "wrapper": {
                                "width": "",
                                "class": "",
                                "id": ""
                            },
                            "default_value": "",
                            "maxlength": "",
                            "allow_in_bindings": 0,
                            "placeholder": "",
                            "prepend": "",
                            "append": "",
                            "parent_repeater": "field_673f710914471"
                        },
                        {
                            "key": "field_673f714214473",
                            "label": "Text",
                            "name": "text",
                            "aria-label": "",
                            "type": "textarea",
                            "instructions": "",
                            "required": 0,
                            "conditional_logic": 0,
                            "wrapper": {
                                "width": "",
                                "class": "",
                                "id": ""
                            },
                            "default_value": "",
                            "maxlength": "",
                            "allow_in_bindings": 0,
                            "rows": "",
                            "placeholder": "",
                            "new_lines": "",
                            "parent_repeater": "field_673f710914471"
                        },
                        {
                            "key": "field_673f71d614474",
                            "label": "Button",
                            "name": "button",
                            "aria-label": "",
                            "type": "clone",
                            "instructions": "",
                            "required": 0,
                            "conditional_logic": 0,
                            "wrapper": {
                                "width": "",
                                "class": "",
                                "id": ""
                            },
                            "clone": [
                                "field_673f4a1a84e0f"
                            ],
                            "display": "seamless",
                            "layout": "block",
                            "prefix_label": 0,
                            "prefix_name": 0,
                            "parent_repeater": "field_673f710914471"
                        },
                        {
                            "key": "field_673f71f114475",
                            "label": "Background",
                            "name": "background",
                            "aria-label": "",
                            "type": "clone",
                            "instructions": "",
                            "required": 0,
                            "conditional_logic": 0,
                            "wrapper": {
                                "width": "",
                                "class": "",
                                "id": ""
                            },
                            "clone": [
                                "field_646a02ce6d040"
                            ],
                            "display": "seamless",
                            "layout": "block",
                            "prefix_label": 0,
                            "prefix_name": 0,
                            "parent_repeater": "field_673f710914471"
                        }
                    ]
                }
            ]
        },
        {
            "key": "field_674590bde3676",
            "label": "Team Section",
            "name": "team_section",
            "aria-label": "",
            "type": "group",
            "instructions": "<img src='\/wp-content\/uploads\/prosek-assets\/acf-images\/content-section.jpg' style='width:100%' alt='' \/>",
            "required": 0,
            "conditional_logic": 0,
            "wrapper": {
                "width": "",
                "class": "",
                "id": ""
            },
            "layout": "row",
            "sub_fields": [
                {
                    "key": "field_6745a5228bc45",
                    "label": "Layout",
                    "name": "layout",
                    "aria-label": "",
                    "type": "button_group",
                    "instructions": "",
                    "required": 0,
                    "conditional_logic": 0,
                    "wrapper": {
                        "width": "",
                        "class": "",
                        "id": ""
                    },
                    "choices": {
                        "slider": "Slider",
                        "grid": "Grid"
                    },
                    "default_value": "",
                    "return_format": "value",
                    "allow_null": 0,
                    "allow_in_bindings": 0,
                    "layout": "horizontal"
                },
                {
                    "key": "field_6745930de3677",
                    "label": "Heading",
                    "name": "heading",
                    "aria-label": "",
                    "type": "text",
                    "instructions": "",
                    "required": 0,
                    "conditional_logic": 0,
                    "wrapper": {
                        "width": "",
                        "class": "",
                        "id": ""
                    },
                    "default_value": "",
                    "maxlength": "",
                    "allow_in_bindings": 0,
                    "placeholder": "",
                    "prepend": "",
                    "append": ""
                },
                {
                    "key": "field_67459318e3678",
                    "label": "Text",
                    "name": "text",
                    "aria-label": "",
                    "type": "textarea",
                    "instructions": "",
                    "required": 0,
                    "conditional_logic": 0,
                    "wrapper": {
                        "width": "",
                        "class": "",
                        "id": ""
                    },
                    "default_value": "",
                    "maxlength": "",
                    "allow_in_bindings": 0,
                    "rows": 5,
                    "placeholder": "",
                    "new_lines": ""
                },
                {
                    "key": "field_6745a4a7caf7c",
                    "label": "Button",
                    "name": "button",
                    "aria-label": "",
                    "type": "clone",
                    "instructions": "",
                    "required": 0,
                    "conditional_logic": 0,
                    "wrapper": {
                        "width": "",
                        "class": "",
                        "id": ""
                    },
                    "clone": [
                        "field_673f4a1a84e0f"
                    ],
                    "display": "seamless",
                    "layout": "block",
                    "prefix_label": 0,
                    "prefix_name": 0
                },
                {
                    "key": "field_67459324e3679",
                    "label": "Team Members",
                    "name": "team_members",
                    "aria-label": "",
                    "type": "repeater",
                    "instructions": "",
                    "required": 0,
                    "conditional_logic": 0,
                    "wrapper": {
                        "width": "",
                        "class": "",
                        "id": ""
                    },
                    "layout": "row",
                    "pagination": 0,
                    "min": 0,
                    "max": 0,
                    "collapsed": "",
                    "button_label": "Add Member",
                    "rows_per_page": 20,
                    "sub_fields": [
                        {
                            "key": "field_6745941ee367a",
                            "label": "Team",
                            "name": "team",
                            "aria-label": "",
                            "type": "post_object",
                            "instructions": "",
                            "required": 0,
                            "conditional_logic": 0,
                            "wrapper": {
                                "width": "",
                                "class": "",
                                "id": ""
                            },
                            "post_type": [
                                "team-member"
                            ],
                            "post_status": [
                                "publish"
                            ],
                            "taxonomy": "",
                            "return_format": "id",
                            "multiple": 0,
                            "allow_null": 0,
                            "allow_in_bindings": 0,
                            "bidirectional": 0,
                            "ui": 1,
                            "bidirectional_target": [],
                            "parent_repeater": "field_67459324e3679"
                        }
                    ]
                }
            ]
        },
        {
            "key": "field_6745de4ceaf2b",
            "label": "Accordion Section",
            "name": "accordion_section",
            "aria-label": "",
            "type": "group",
            "instructions": "<img src='\/wp-content\/uploads\/prosek-assets\/acf-images\/content-section.jpg' style='width:100%' alt='' \/>",
            "required": 0,
            "conditional_logic": 0,
            "wrapper": {
                "width": "",
                "class": "",
                "id": ""
            },
            "layout": "row",
            "sub_fields": [
                {
                    "key": "field_6745de71eaf37",
                    "label": "Accordion",
                    "name": "accordion",
                    "aria-label": "",
                    "type": "repeater",
                    "instructions": "",
                    "required": 0,
                    "conditional_logic": 0,
                    "wrapper": {
                        "width": "",
                        "class": "",
                        "id": ""
                    },
                    "layout": "row",
                    "pagination": 0,
                    "min": 0,
                    "max": 0,
                    "collapsed": "",
                    "button_label": "Add Content",
                    "rows_per_page": 20,
                    "sub_fields": [
                        {
                            "key": "field_6745de89eaf38",
                            "label": "Heading",
                            "name": "heading",
                            "aria-label": "",
                            "type": "text",
                            "instructions": "",
                            "required": 0,
                            "conditional_logic": 0,
                            "wrapper": {
                                "width": "",
                                "class": "",
                                "id": ""
                            },
                            "default_value": "",
                            "maxlength": "",
                            "allow_in_bindings": 0,
                            "placeholder": "",
                            "prepend": "",
                            "append": "",
                            "parent_repeater": "field_6745de71eaf37"
                        },
                        {
                            "key": "field_6745de97eaf39",
                            "label": "Text",
                            "name": "text",
                            "aria-label": "",
                            "type": "wysiwyg",
                            "instructions": "",
                            "required": 0,
                            "conditional_logic": 0,
                            "wrapper": {
                                "width": "",
                                "class": "",
                                "id": ""
                            },
                            "default_value": "",
                            "allow_in_bindings": 0,
                            "tabs": "all",
                            "toolbar": "full",
                            "media_upload": 1,
                            "delay": 0,
                            "parent_repeater": "field_6745de71eaf37"
                        },
                        {
                            "key": "field_6745dea3eaf3a",
                            "label": "Button",
                            "name": "button",
                            "aria-label": "",
                            "type": "clone",
                            "instructions": "",
                            "required": 0,
                            "conditional_logic": 0,
                            "wrapper": {
                                "width": "",
                                "class": "",
                                "id": ""
                            },
                            "clone": [
                                "field_673f4a1a84e0f"
                            ],
                            "display": "seamless",
                            "layout": "block",
                            "prefix_label": 0,
                            "prefix_name": 0,
                            "parent_repeater": "field_6745de71eaf37"
                        }
                    ]
                }
            ]
        },
        {
            "key": "field_6745ee1f4b7d1",
            "label": "News Section",
            "name": "news_section",
            "aria-label": "",
            "type": "group",
            "instructions": "<img src='\/wp-content\/uploads\/prosek-assets\/acf-images\/content-section.jpg' style='width:100%' alt='' \/>",
            "required": 0,
            "conditional_logic": 0,
            "wrapper": {
                "width": "",
                "class": "",
                "id": ""
            },
            "layout": "row",
            "sub_fields": [
                {
                    "key": "field_6745ee1f4b7d7",
                    "label": "Layout",
                    "name": "layout",
                    "aria-label": "",
                    "type": "button_group",
                    "instructions": "",
                    "required": 0,
                    "conditional_logic": 0,
                    "wrapper": {
                        "width": "",
                        "class": "",
                        "id": ""
                    },
                    "choices": {
                        "slider": "Slider",
                        "grid": "Grid"
                    },
                    "default_value": "",
                    "return_format": "value",
                    "allow_null": 0,
                    "allow_in_bindings": 0,
                    "layout": "horizontal"
                },
                {
                    "key": "field_6745ee1f4b7d8",
                    "label": "Heading",
                    "name": "heading",
                    "aria-label": "",
                    "type": "text",
                    "instructions": "",
                    "required": 0,
                    "conditional_logic": 0,
                    "wrapper": {
                        "width": "",
                        "class": "",
                        "id": ""
                    },
                    "default_value": "",
                    "maxlength": "",
                    "allow_in_bindings": 0,
                    "placeholder": "",
                    "prepend": "",
                    "append": ""
                },
                {
                    "key": "field_6745ee1f4b7d9",
                    "label": "Text",
                    "name": "text",
                    "aria-label": "",
                    "type": "textarea",
                    "instructions": "",
                    "required": 0,
                    "conditional_logic": 0,
                    "wrapper": {
                        "width": "",
                        "class": "",
                        "id": ""
                    },
                    "default_value": "",
                    "maxlength": "",
                    "allow_in_bindings": 0,
                    "rows": 5,
                    "placeholder": "",
                    "new_lines": ""
                },
                {
                    "key": "field_6745efa70e065",
                    "label": "Button text",
                    "name": "button_text",
                    "aria-label": "",
                    "type": "text",
                    "instructions": "",
                    "required": 0,
                    "conditional_logic": 0,
                    "wrapper": {
                        "width": "",
                        "class": "",
                        "id": ""
                    },
                    "default_value": "",
                    "maxlength": "",
                    "allow_in_bindings": 0,
                    "placeholder": "",
                    "prepend": "",
                    "append": ""
                },
                {
                    "key": "field_6745efb50e066",
                    "label": "Notice",
                    "name": "",
                    "aria-label": "",
                    "type": "message",
                    "instructions": "",
                    "required": 0,
                    "conditional_logic": 0,
                    "wrapper": {
                        "width": "",
                        "class": "",
                        "id": ""
                    },
                    "message": "<a href='\/wp-admin\/edit.php' target='_blank'>Click here<\/a> to manage this section.",
                    "new_lines": "wpautop",
                    "esc_html": 0
                }
            ]
        },
        {
            "key": "field_674752632656b",
            "label": "Two Column Text Section",
            "name": "two_column_text",
            "aria-label": "",
            "type": "group",
            "instructions": "<img src='\/wp-content\/uploads\/prosek-assets\/acf-images\/content-section.jpg' style='width:100%' alt='' \/>",
            "required": 0,
            "conditional_logic": 0,
            "wrapper": {
                "width": "",
                "class": "",
                "id": ""
            },
            "layout": "row",
            "sub_fields": [
                {
                    "key": "field_6747531e2656c",
                    "label": "Left Column",
                    "name": "left_column",
                    "aria-label": "",
                    "type": "group",
                    "instructions": "<img src='\/wp-content\/uploads\/prosek-assets\/acf-images\/content-section.jpg' style='width:100%' alt='' \/>",
                    "required": 0,
                    "conditional_logic": 0,
                    "wrapper": {
                        "width": "",
                        "class": "",
                        "id": ""
                    },
                    "layout": "block",
                    "sub_fields": [
                        {
                            "key": "field_6747532d2656d",
                            "label": "Heading",
                            "name": "heading",
                            "aria-label": "",
                            "type": "text",
                            "instructions": "",
                            "required": 0,
                            "conditional_logic": 0,
                            "wrapper": {
                                "width": "",
                                "class": "",
                                "id": ""
                            },
                            "default_value": "",
                            "maxlength": "",
                            "allow_in_bindings": 0,
                            "placeholder": "",
                            "prepend": "",
                            "append": ""
                        },
                        {
                            "key": "field_674753342656e",
                            "label": "Text",
                            "name": "text",
                            "aria-label": "",
                            "type": "textarea",
                            "instructions": "",
                            "required": 0,
                            "conditional_logic": 0,
                            "wrapper": {
                                "width": "",
                                "class": "",
                                "id": ""
                            },
                            "default_value": "",
                            "maxlength": "",
                            "allow_in_bindings": 0,
                            "rows": "",
                            "placeholder": "",
                            "new_lines": ""
                        },
                        {
                            "key": "field_6747533d2656f",
                            "label": "Button",
                            "name": "button",
                            "aria-label": "",
                            "type": "clone",
                            "instructions": "",
                            "required": 0,
                            "conditional_logic": 0,
                            "wrapper": {
                                "width": "",
                                "class": "",
                                "id": ""
                            },
                            "clone": [
                                "field_673f4a1a84e0f"
                            ],
                            "display": "seamless",
                            "layout": "",
                            "prefix_label": 0,
                            "prefix_name": 0
                        }
                    ]
                },
                {
                    "key": "field_6747535026570",
                    "label": "Right Column",
                    "name": "right_column",
                    "aria-label": "",
                    "type": "group",
                    "instructions": "<img src='\/wp-content\/uploads\/prosek-assets\/acf-images\/content-section.jpg' style='width:100%' alt='' \/>",
                    "required": 0,
                    "conditional_logic": 0,
                    "wrapper": {
                        "width": "",
                        "class": "",
                        "id": ""
                    },
                    "layout": "block",
                    "sub_fields": [
                        {
                            "key": "field_6747535026572",
                            "label": "Heading",
                            "name": "heading",
                            "aria-label": "",
                            "type": "text",
                            "instructions": "",
                            "required": 0,
                            "conditional_logic": 0,
                            "wrapper": {
                                "width": "",
                                "class": "",
                                "id": ""
                            },
                            "default_value": "",
                            "maxlength": "",
                            "allow_in_bindings": 0,
                            "placeholder": "",
                            "prepend": "",
                            "append": ""
                        },
                        {
                            "key": "field_6747535026573",
                            "label": "Text",
                            "name": "text",
                            "aria-label": "",
                            "type": "textarea",
                            "instructions": "",
                            "required": 0,
                            "conditional_logic": 0,
                            "wrapper": {
                                "width": "",
                                "class": "",
                                "id": ""
                            },
                            "default_value": "",
                            "maxlength": "",
                            "allow_in_bindings": 0,
                            "rows": "",
                            "placeholder": "",
                            "new_lines": ""
                        },
                        {
                            "key": "field_6747535026574",
                            "label": "Button",
                            "name": "button",
                            "aria-label": "",
                            "type": "clone",
                            "instructions": "",
                            "required": 0,
                            "conditional_logic": 0,
                            "wrapper": {
                                "width": "",
                                "class": "",
                                "id": ""
                            },
                            "clone": [
                                "field_673f4a1a84e0f"
                            ],
                            "display": "seamless",
                            "layout": "block",
                            "prefix_label": 0,
                            "prefix_name": 0
                        }
                    ]
                }
            ]
        }
    ],
    "location": [
        [
            {
                "param": "options_page",
                "operator": "!=",
                "value": "site-options"
            }
        ]
    ],
    "menu_order": -200000,
    "position": "acf_after_title",
    "style": "default",
    "label_placement": "top",
    "instruction_placement": "label",
    "hide_on_screen": [
        "the_content",
        "excerpt",
        "revisions",
        "slug",
        "author",
        "format",
        "send-trackbacks"
    ],
    "active": false,
    "description": "",
    "show_in_rest": 0,
    "modified": 1757434228
}
