{
    "key": "group_636b7539aff71",
    "title": "Home Page",
    "fields": [
        {
            "key": "field_64d940aec5701",
            "label": "Home Page - Hero Section",
            "name": "home_page_-_section_a",
            "aria-label": "",
            "type": "group",
            "instructions": "<img src='https:\/\/prosek-wp-starter-staging.local\/wp-content\/uploads\/prosek-assets\/acf-images\/home_page_-_section_a.png?v=1755161146' style='width:100%' alt=''\/>",
            "required": 0,
            "conditional_logic": 0,
            "wrapper": {
                "width": "",
                "class": "",
                "id": ""
            },
            "layout": "row",
            "sub_fields": [
                {
                    "key": "field_64d940aec5705",
                    "label": "Enable",
                    "name": "enable",
                    "aria-label": "",
                    "type": "clone",
                    "instructions": "",
                    "required": 0,
                    "conditional_logic": 0,
                    "wrapper": {
                        "width": "",
                        "class": "",
                        "id": ""
                    },
                    "clone": [
                        "field_634448f9c876c"
                    ],
                    "display": "seamless",
                    "layout": "block",
                    "prefix_label": 0,
                    "prefix_name": 0
                },
                {
                    "key": "field_64d940aec5706",
                    "label": "Settings",
                    "name": "settings",
                    "aria-label": "",
                    "type": "clone",
                    "instructions": "",
                    "required": 0,
                    "conditional_logic": 0,
                    "wrapper": {
                        "width": "",
                        "class": "",
                        "id": ""
                    },
                    "clone": [
                        "field_6346db9b61643"
                    ],
                    "display": "seamless",
                    "layout": "block",
                    "prefix_label": 0,
                    "prefix_name": 0
                },
                {
                    "key": "field_673f722190411",
                    "label": "Hero Carousel Field",
                    "name": "hero_carousel_field",
                    "aria-label": "",
                    "type": "clone",
                    "instructions": "",
                    "required": 0,
                    "conditional_logic": 0,
                    "wrapper": {
                        "width": "",
                        "class": "",
                        "id": ""
                    },
                    "clone": [
                        "field_673f70fc14470"
                    ],
                    "display": "seamless",
                    "layout": "block",
                    "prefix_label": 0,
                    "prefix_name": 0
                }
            ]
        },
        {
            "key": "field_64da34ecd4a4c",
            "label": "Home Page - Text and Media",
            "name": "home_page_-_text_and_media",
            "aria-label": "",
            "type": "group",
            "instructions": "<img src='https:\/\/prosek-wp-starter-staging.local\/wp-content\/uploads\/prosek-assets\/acf-images\/home_page_-_text_and_image.png?v=1755161146' style='width:100%' alt=''\/>",
            "required": 0,
            "conditional_logic": 0,
            "wrapper": {
                "width": "",
                "class": "",
                "id": ""
            },
            "layout": "row",
            "sub_fields": [
                {
                    "key": "field_64da34ecd4a50",
                    "label": "Enable",
                    "name": "enable",
                    "aria-label": "",
                    "type": "clone",
                    "instructions": "",
                    "required": 0,
                    "conditional_logic": 0,
                    "wrapper": {
                        "width": "",
                        "class": "",
                        "id": ""
                    },
                    "clone": [
                        "field_634448f9c876c"
                    ],
                    "display": "seamless",
                    "layout": "block",
                    "prefix_label": 0,
                    "prefix_name": 0
                },
                {
                    "key": "field_64da34ecd4a51",
                    "label": "Settings",
                    "name": "settings",
                    "aria-label": "",
                    "type": "clone",
                    "instructions": "",
                    "required": 0,
                    "conditional_logic": 0,
                    "wrapper": {
                        "width": "",
                        "class": "",
                        "id": ""
                    },
                    "clone": [
                        "field_6346db9b61643"
                    ],
                    "display": "seamless",
                    "layout": "block",
                    "prefix_label": 0,
                    "prefix_name": 0
                },
                {
                    "key": "field_673f4ce9c1698",
                    "label": "Text and Media Fields",
                    "name": "text_and_media_fields",
                    "aria-label": "",
                    "type": "clone",
                    "instructions": "",
                    "required": 0,
                    "conditional_logic": 0,
                    "wrapper": {
                        "width": "",
                        "class": "",
                        "id": ""
                    },
                    "clone": [
                        "field_673f493e3362f"
                    ],
                    "display": "seamless",
                    "layout": "block",
                    "prefix_label": 0,
                    "prefix_name": 0
                }
            ]
        },
        {
            "key": "field_67498edb6dc49",
            "label": "Home Page - Team Section",
            "name": "home_page_-_team_section",
            "aria-label": "",
            "type": "group",
            "instructions": "<img src='https:\/\/prosek-wp-starter-staging.local\/wp-content\/uploads\/prosek-assets\/acf-images\/home_page_-_team_section.png?v=1755161146' style='width:100%' alt=''\/>",
            "required": 0,
            "conditional_logic": 0,
            "wrapper": {
                "width": "",
                "class": "",
                "id": ""
            },
            "layout": "row",
            "sub_fields": [
                {
                    "key": "field_67498edb6dc51",
                    "label": "Enable",
                    "name": "enable",
                    "aria-label": "",
                    "type": "clone",
                    "instructions": "",
                    "required": 0,
                    "conditional_logic": 0,
                    "wrapper": {
                        "width": "",
                        "class": "",
                        "id": ""
                    },
                    "clone": [
                        "field_634448f9c876c"
                    ],
                    "display": "seamless",
                    "layout": "",
                    "prefix_label": 0,
                    "prefix_name": 0
                },
                {
                    "key": "field_67498edb6dc52",
                    "label": "Settings",
                    "name": "settings",
                    "aria-label": "",
                    "type": "clone",
                    "instructions": "",
                    "required": 0,
                    "conditional_logic": 0,
                    "wrapper": {
                        "width": "",
                        "class": "",
                        "id": ""
                    },
                    "clone": [
                        "field_6346db9b61643"
                    ],
                    "display": "seamless",
                    "layout": "",
                    "prefix_label": 0,
                    "prefix_name": 0
                },
                {
                    "key": "field_67498edb6dc54",
                    "label": "Team Section Fields",
                    "name": "team_section_fields",
                    "aria-label": "",
                    "type": "clone",
                    "instructions": "",
                    "required": 0,
                    "conditional_logic": 0,
                    "wrapper": {
                        "width": "",
                        "class": "",
                        "id": ""
                    },
                    "clone": [
                        "field_674590bde3676"
                    ],
                    "display": "seamless",
                    "layout": "",
                    "prefix_label": 0,
                    "prefix_name": 0
                }
            ]
        },
        {
            "key": "field_67498eda6dc3a",
            "label": "Home Page - Accordion Section",
            "name": "home_page_-_accordion_section",
            "aria-label": "",
            "type": "group",
            "instructions": "<img src='https:\/\/prosek-wp-starter-staging.local\/wp-content\/uploads\/prosek-assets\/acf-images\/home_page_-_accordion_section.png?v=1755161146' style='width:100%' alt=''\/>",
            "required": 0,
            "conditional_logic": 0,
            "wrapper": {
                "width": "",
                "class": "",
                "id": ""
            },
            "layout": "row",
            "sub_fields": [
                {
                    "key": "field_67498eda6dc42",
                    "label": "Enable",
                    "name": "enable",
                    "aria-label": "",
                    "type": "clone",
                    "instructions": "",
                    "required": 0,
                    "conditional_logic": 0,
                    "wrapper": {
                        "width": "",
                        "class": "",
                        "id": ""
                    },
                    "clone": [
                        "field_634448f9c876c"
                    ],
                    "display": "seamless",
                    "layout": "",
                    "prefix_label": 0,
                    "prefix_name": 0
                },
                {
                    "key": "field_67498eda6dc43",
                    "label": "Settings",
                    "name": "settings",
                    "aria-label": "",
                    "type": "clone",
                    "instructions": "",
                    "required": 0,
                    "conditional_logic": 0,
                    "wrapper": {
                        "width": "",
                        "class": "",
                        "id": ""
                    },
                    "clone": [
                        "field_6346db9b61643"
                    ],
                    "display": "seamless",
                    "layout": "",
                    "prefix_label": 0,
                    "prefix_name": 0
                },
                {
                    "key": "field_67498eda6dc46",
                    "label": "Accordion Section Fields",
                    "name": "accordion_section_fields",
                    "aria-label": "",
                    "type": "clone",
                    "instructions": "",
                    "required": 0,
                    "conditional_logic": 0,
                    "wrapper": {
                        "width": "",
                        "class": "",
                        "id": ""
                    },
                    "clone": [
                        "field_6745de4ceaf2b"
                    ],
                    "display": "seamless",
                    "layout": "",
                    "prefix_label": 0,
                    "prefix_name": 0
                }
            ]
        },
        {
            "key": "field_67498eda6dc2b",
            "label": "Home Page - News Section",
            "name": "home_page_-_news_section",
            "aria-label": "",
            "type": "group",
            "instructions": "<img src='https:\/\/prosek-wp-starter-staging.local\/wp-content\/uploads\/prosek-assets\/acf-images\/home_page_-_news_section.png?v=1755161146' style='width:100%' alt=''\/>",
            "required": 0,
            "conditional_logic": 0,
            "wrapper": {
                "width": "",
                "class": "",
                "id": ""
            },
            "layout": "row",
            "sub_fields": [
                {
                    "key": "field_67498eda6dc33",
                    "label": "Enable",
                    "name": "enable",
                    "aria-label": "",
                    "type": "clone",
                    "instructions": "",
                    "required": 0,
                    "conditional_logic": 0,
                    "wrapper": {
                        "width": "",
                        "class": "",
                        "id": ""
                    },
                    "clone": [
                        "field_634448f9c876c"
                    ],
                    "display": "seamless",
                    "layout": "",
                    "prefix_label": 0,
                    "prefix_name": 0
                },
                {
                    "key": "field_67498eda6dc34",
                    "label": "Settings",
                    "name": "settings",
                    "aria-label": "",
                    "type": "clone",
                    "instructions": "",
                    "required": 0,
                    "conditional_logic": 0,
                    "wrapper": {
                        "width": "",
                        "class": "",
                        "id": ""
                    },
                    "clone": [
                        "field_6346db9b61643"
                    ],
                    "display": "seamless",
                    "layout": "",
                    "prefix_label": 0,
                    "prefix_name": 0
                },
                {
                    "key": "field_67498eda6dc38",
                    "label": "News Section Fields",
                    "name": "news_section_fields",
                    "aria-label": "",
                    "type": "clone",
                    "instructions": "",
                    "required": 0,
                    "conditional_logic": 0,
                    "wrapper": {
                        "width": "",
                        "class": "",
                        "id": ""
                    },
                    "clone": [
                        "field_6745ee1f4b7d1"
                    ],
                    "display": "seamless",
                    "layout": "",
                    "prefix_label": 0,
                    "prefix_name": 0
                }
            ]
        },
        {
            "key": "field_67498ed96dc1c",
            "label": "Home Page - Two Column Text Section",
            "name": "home_page_-_two_column_text_section",
            "aria-label": "",
            "type": "group",
            "instructions": "<img src='https:\/\/prosek-wp-starter-staging.local\/wp-content\/uploads\/prosek-assets\/acf-images\/home_page_-_two_column_text_section.png?v=1755161146' style='width:100%' alt=''\/>",
            "required": 0,
            "conditional_logic": 0,
            "wrapper": {
                "width": "",
                "class": "",
                "id": ""
            },
            "layout": "row",
            "sub_fields": [
                {
                    "key": "field_67498ed96dc24",
                    "label": "Enable",
                    "name": "enable",
                    "aria-label": "",
                    "type": "clone",
                    "instructions": "",
                    "required": 0,
                    "conditional_logic": 0,
                    "wrapper": {
                        "width": "",
                        "class": "",
                        "id": ""
                    },
                    "clone": [
                        "field_634448f9c876c"
                    ],
                    "display": "seamless",
                    "layout": "",
                    "prefix_label": 0,
                    "prefix_name": 0
                },
                {
                    "key": "field_67498ed96dc25",
                    "label": "Settings",
                    "name": "settings",
                    "aria-label": "",
                    "type": "clone",
                    "instructions": "",
                    "required": 0,
                    "conditional_logic": 0,
                    "wrapper": {
                        "width": "",
                        "class": "",
                        "id": ""
                    },
                    "clone": [
                        "field_6346db9b61643"
                    ],
                    "display": "seamless",
                    "layout": "",
                    "prefix_label": 0,
                    "prefix_name": 0
                },
                {
                    "key": "field_67498ed96dc2a",
                    "label": "Two Column Text Section Fields",
                    "name": "two_column_text_section_fields",
                    "aria-label": "",
                    "type": "clone",
                    "instructions": "",
                    "required": 0,
                    "conditional_logic": 0,
                    "wrapper": {
                        "width": "",
                        "class": "",
                        "id": ""
                    },
                    "clone": [
                        "field_674752632656b"
                    ],
                    "display": "seamless",
                    "layout": "",
                    "prefix_label": 0,
                    "prefix_name": 0
                }
            ]
        }
    ],
    "location": [
        [
            {
                "param": "page",
                "operator": "==",
                "value": "15"
            }
        ]
    ],
    "menu_order": 0,
    "position": "acf_after_title",
    "style": "default",
    "label_placement": "top",
    "instruction_placement": "label",
    "hide_on_screen": [
        "the_content",
        "excerpt",
        "revisions",
        "slug",
        "author",
        "format",
        "send-trackbacks"
    ],
    "active": true,
    "description": "",
    "show_in_rest": 0,
    "modified": 1757433875
}
