{
    "key": "group_636b86346bcc5",
    "title": "Blog Post (News) Post Type",
    "fields": [
        {
            "key": "field_64d941618c1d3",
            "label": "News - Content",
            "name": "news_-_content",
            "aria-label": "",
            "type": "group",
            "instructions": "<img src='\/wp-content\/uploads\/prosek-assets\/acf-images\/content-section.jpg' style='width:100%' \/>",
            "required": 0,
            "conditional_logic": 0,
            "wrapper": {
                "width": "",
                "class": "",
                "id": ""
            },
            "layout": "row",
            "sub_fields": [
                {
                    "key": "field_67407a4620ba2",
                    "label": "External Link",
                    "name": "external_link",
                    "aria-label": "",
                    "type": "url",
                    "instructions": "If this field is not empty, this news will not have an internal page, but it will lead to an external site.",
                    "required": 0,
                    "conditional_logic": 0,
                    "wrapper": {
                        "width": "",
                        "class": "",
                        "id": ""
                    },
                    "default_value": "",
                    "allow_in_bindings": 0,
                    "placeholder": ""
                },
                {
                    "key": "field_67408d5fa6602",
                    "label": "Content",
                    "name": "content",
                    "aria-label": "",
                    "type": "wysiwyg",
                    "instructions": "",
                    "required": 0,
                    "conditional_logic": 0,
                    "wrapper": {
                        "width": "",
                        "class": "",
                        "id": ""
                    },
                    "default_value": "",
                    "allow_in_bindings": 0,
                    "tabs": "all",
                    "toolbar": "full",
                    "media_upload": 1,
                    "delay": 0
                }
            ]
        }
    ],
    "location": [
        [
            {
                "param": "post_type",
                "operator": "==",
                "value": "post"
            }
        ]
    ],
    "menu_order": -1,
    "position": "acf_after_title",
    "style": "default",
    "label_placement": "top",
    "instruction_placement": "label",
    "hide_on_screen": [
        "the_content",
        "excerpt",
        "revisions",
        "slug",
        "author",
        "format",
        "send-trackbacks"
    ],
    "active": true,
    "description": "",
    "show_in_rest": 0,
    "modified": 1732283894
}
