{
    "key": "taxonomy_6728ed461f333",
    "title": "Departments",
    "menu_order": 0,
    "active": true,
    "taxonomy": "department",
    "object_type": [
        "team-member"
    ],
    "advanced_configuration": 1,
    "import_source": "",
    "import_date": "",
    "labels": {
        "name": "Departments",
        "singular_name": "Department",
        "menu_name": "Departments",
        "all_items": "All Departments",
        "edit_item": "Edit Department",
        "view_item": "View Department",
        "update_item": "Update Department",
        "add_new_item": "Add New Department",
        "new_item_name": "New Department Name",
        "parent_item": "Parent Department",
        "parent_item_colon": "Parent Department:",
        "search_items": "Search Departments",
        "most_used": "",
        "not_found": "No departments found",
        "no_terms": "No departments",
        "name_field_description": "",
        "slug_field_description": "",
        "parent_field_description": "",
        "desc_field_description": "",
        "filter_by_item": "Filter by department",
        "items_list_navigation": "Departments list navigation",
        "items_list": "Departments list",
        "back_to_items": "← Go to departments",
        "item_link": "Department Link",
        "item_link_description": "A link to a department"
    },
    "description": "",
    "capabilities": {
        "manage_terms": "manage_categories",
        "edit_terms": "manage_categories",
        "delete_terms": "manage_categories",
        "assign_terms": "edit_posts"
    },
    "public": 0,
    "publicly_queryable": 0,
    "hierarchical": 1,
    "show_ui": 1,
    "show_in_menu": 1,
    "show_in_nav_menus": 0,
    "show_in_rest": 1,
    "rest_base": "",
    "rest_namespace": "wp\/v2",
    "rest_controller_class": "WP_REST_Terms_Controller",
    "show_tagcloud": 1,
    "show_in_quick_edit": 1,
    "show_admin_column": 1,
    "rewrite": {
        "permalink_rewrite": "taxonomy_key",
        "with_front": "1",
        "rewrite_hierarchical": "0"
    },
    "query_var": "taxonomy_key",
    "query_var_name": "",
    "default_term": {
        "default_term_enabled": "0"
    },
    "sort": 0,
    "meta_box": "default",
    "meta_box_cb": "",
    "meta_box_sanitize_cb": "",
    "modified": 1732873618
}
